{
"type": "FeatureCollection",
"name": "Poligonos_epsg4326",
"crs": { "type": "name", "properties": { "name": "urn:ogc:def:crs:OGC:1.3:CRS84" } },
"features": [
{ "type": "Feature", "properties": { "Pol": 1, "Nom_Pol": "Atlatlahucan", "layer": "01.- ATLATLAHUCAN" }, "geometry": { "type": "MultiPolygon", "coordinates": [ [ [ [ -98.893832733357101, 18.944508832512721 ], [ -98.894039875136414, 18.944251501188255 ], [ -98.895919256611307, 18.94479473938042 ], [ -98.896581238589619, 18.945045059583396 ], [ -98.896570306198328, 18.945237920781956 ], [ -98.896342215492325, 18.945768882600586 ], [ -98.896189634766984, 18.946145684656265 ], [ -98.89609979090271, 18.946642122368345 ], [ -98.896207932336281, 18.947067894784183 ], [ -98.896184366699472, 18.947528326481805 ], [ -98.895953693417312, 18.947884834972449 ], [ -98.895970517480364, 18.948296270096122 ], [ -98.896119333827514, 18.948660595016847 ], [ -98.896377370186514, 18.948827853380685 ], [ -98.896517633655748, 18.948992686059814 ], [ -98.896656198256821, 18.949232227130608 ], [ -98.896529078503477, 18.949640698668407 ], [ -98.896627819276077, 18.949904334367552 ], [ -98.896547378835351, 18.950562912829074 ], [ -98.896794598736577, 18.950630289899355 ], [ -98.896836748395287, 18.951079619598623 ], [ -98.898268799935366, 18.950859954364063 ], [ -98.899405736160773, 18.95210416284219 ], [ -98.900192410638383, 18.954935697072749 ], [ -98.900543934160098, 18.958480816268459 ], [ -98.900301163561664, 18.959945796292104 ], [ -98.900180772049524, 18.961787018831906 ], [ -98.899893011296996, 18.967536457400172 ], [ -98.896561947863773, 18.973522290290134 ], [ -98.891405088597111, 18.972269921777485 ], [ -98.891241292688875, 18.973711628629321 ], [ -98.889651362310985, 18.973952896058407 ], [ -98.889294570407529, 18.974095024830149 ], [ -98.885671932199045, 18.973322589074453 ], [ -98.88639316059475, 18.971556048215536 ], [ -98.884090789075586, 18.970885588615513 ], [ -98.884278849037415, 18.970104647170604 ], [ -98.884828470510143, 18.965531625234256 ], [ -98.887649124556276, 18.965863963398089 ], [ -98.8890311606051, 18.963251505424648 ], [ -98.889615401424791, 18.960597667221158 ], [ -98.887123181733827, 18.960795362356151 ], [ -98.886144210041081, 18.960663022468363 ], [ -98.884045727680956, 18.960245928723054 ], [ -98.884322396071425, 18.959597632936415 ], [ -98.884371754657465, 18.959442935407008 ], [ -98.884150272215706, 18.959394755656657 ], [ -98.883171029002099, 18.959274848242686 ], [ -98.883269463996214, 18.95897790562093 ], [ -98.883548266625795, 18.958236225799322 ], [ -98.883553098003659, 18.95745150905671 ], [ -98.882469744536493, 18.957304529438336 ], [ -98.882105308330097, 18.957209788713342 ], [ -98.881217974069784, 18.957079312544238 ], [ -98.881213710805412, 18.956693045031731 ], [ -98.881259232448315, 18.956419924431515 ], [ -98.88157303158745, 18.955865835410645 ], [ -98.881894223483755, 18.955561046575987 ], [ -98.881872037648364, 18.954813145453763 ], [ -98.881700502853946, 18.953152768837494 ], [ -98.883405991456542, 18.953144446689731 ], [ -98.883741960985859, 18.952192179983417 ], [ -98.883770124125121, 18.952105561104627 ], [ -98.883880074787683, 18.951877374234371 ], [ -98.883920752611246, 18.95152941063381 ], [ -98.883777366617153, 18.950641977530616 ], [ -98.883820890486987, 18.950456018110053 ], [ -98.884035385881646, 18.950236221934823 ], [ -98.884039082491768, 18.950074353656809 ], [ -98.88399697528186, 18.949625020951274 ], [ -98.884257266631366, 18.949119654373717 ], [ -98.884946831925305, 18.9487352767432 ], [ -98.885141907172013, 18.9485057352063 ], [ -98.885198656483283, 18.948313820667632 ], [ -98.885291178520674, 18.948131988441542 ], [ -98.885418975769738, 18.947982028360205 ], [ -98.885709276488143, 18.947738882780353 ], [ -98.885977958294603, 18.947582490704601 ], [ -98.886126448532906, 18.947386243094424 ], [ -98.886189028490691, 18.947225592054355 ], [ -98.886300963973881, 18.947053503543028 ], [ -98.886449883326392, 18.94698183693059 ], [ -98.886530315544761, 18.946899412352504 ], [ -98.88654673966775, 18.946753379238242 ], [ -98.886583644647729, 18.946570397599746 ], [ -98.886882533921138, 18.94595059692934 ], [ -98.887019422290038, 18.945545450996583 ], [ -98.887325058260004, 18.944773189058665 ], [ -98.889647357738809, 18.945699369903267 ], [ -98.890224906120508, 18.94448425529087 ], [ -98.891596066308026, 18.944923630678836 ], [ -98.892003635051481, 18.943842033563897 ], [ -98.893832733357101, 18.944508832512721 ] ] ] ] } },
{ "type": "Feature", "properties": { "Pol": 2, "Nom_Pol": "Axochiapan", "layer": "02.- AYALA" }, "geometry": { "type": "MultiPolygon", "coordinates": [ [ [ [ -98.742491338117077, 18.570545620948945 ], [ -98.743042106305253, 18.572089065596064 ], [ -98.743125747256684, 18.572414612263859 ], [ -98.742503515978228, 18.572226814479421 ], [ -98.742413058162683, 18.57218750070745 ], [ -98.741745749858609, 18.572247750108644 ], [ -98.741143985550551, 18.572296965790777 ], [ -98.740791646329697, 18.572289328998135 ], [ -98.740280338771839, 18.572377855982694 ], [ -98.739877581086347, 18.572294415900139 ], [ -98.739766068630288, 18.572042971069735 ], [ -98.73941936796254, 18.57179887772719 ], [ -98.739368950150535, 18.571723076350629 ], [ -98.738834809269719, 18.57167413838836 ], [ -98.738215684452953, 18.572193083429362 ], [ -98.741036537763975, 18.575345801835798 ], [ -98.742695863241053, 18.578806680687979 ], [ -98.743335888782212, 18.580608234063089 ], [ -98.74279068183975, 18.580963803808174 ], [ -98.739780191331334, 18.580655643362434 ], [ -98.734991852097494, 18.580868985209484 ], [ -98.73458887305307, 18.580868985209484 ], [ -98.734067370760272, 18.581271964253919 ], [ -98.733759210314531, 18.580750461961124 ], [ -98.727643410699031, 18.580726757311449 ], [ -98.72612631312002, 18.579825980623898 ], [ -98.725628515476899, 18.579636343426518 ], [ -98.725344059680822, 18.579825980623898 ], [ -98.724941080636398, 18.580489710814724 ], [ -98.724775148088682, 18.580631938712759 ], [ -98.722096522675699, 18.580584529413414 ], [ -98.721041665765284, 18.580525267789231 ], [ -98.718902321132333, 18.580128214907216 ], [ -98.718760093234295, 18.580708978824191 ], [ -98.717746719460806, 18.582000882231341 ], [ -98.717604491562781, 18.582314968839505 ], [ -98.717242995655255, 18.58251645836172 ], [ -98.716822238123584, 18.582599424635575 ], [ -98.716134803283083, 18.582634981610081 ], [ -98.715399959143241, 18.5828364711323 ], [ -98.715151060321674, 18.582682390909426 ], [ -98.715068094047794, 18.5820186607186 ], [ -98.714605853379183, 18.581989029906509 ], [ -98.714457699318729, 18.581716426435275 ], [ -98.714297692933442, 18.58147345377613 ], [ -98.714214726659577, 18.581147514843135 ], [ -98.714392511532111, 18.580140067232055 ], [ -98.714202874334731, 18.579488189366064 ], [ -98.714356954557601, 18.579067431834375 ], [ -98.714380659207279, 18.578883720799414 ], [ -98.714410290019387, 18.578522224891909 ], [ -98.714433994669065, 18.577870347025918 ], [ -98.713953975513164, 18.576655483730203 ], [ -98.714137686548128, 18.576560665131513 ], [ -98.714558444079813, 18.577022905800124 ], [ -98.714611779541571, 18.577212542997504 ], [ -98.714914013824895, 18.577965165624605 ], [ -98.714949570799405, 18.578184433634078 ], [ -98.71653778232745, 18.578285178395191 ], [ -98.717918578170881, 18.578332587694536 ], [ -98.718831207183271, 18.578765197551057 ], [ -98.719305300176728, 18.577674783666119 ], [ -98.71950678969894, 18.577336992408288 ], [ -98.720490532660349, 18.576791785465819 ], [ -98.720816471593338, 18.576519181994584 ], [ -98.720911290192035, 18.575819894829245 ], [ -98.721148336688756, 18.575523586708339 ], [ -98.722167636624675, 18.576329544797204 ], [ -98.726232984043506, 18.576329544797204 ], [ -98.729397554774778, 18.576009532026625 ], [ -98.731116141876015, 18.575891008778264 ], [ -98.731922099964876, 18.575440620434485 ], [ -98.733439197543916, 18.575227278587434 ], [ -98.734174041683758, 18.57567766693121 ], [ -98.734553316078518, 18.574326501899879 ], [ -98.73566743461312, 18.572690881072479 ], [ -98.735738548562139, 18.571837513684269 ], [ -98.735620025313779, 18.570652281200648 ], [ -98.73699489499478, 18.570770804449008 ], [ -98.737938432963716, 18.56997999043713 ], [ -98.738141737201673, 18.56994082138095 ], [ -98.738420369389871, 18.570027799220661 ], [ -98.738897116928783, 18.570019462997163 ], [ -98.739380685826035, 18.569998821874094 ], [ -98.739427397179554, 18.56995625522551 ], [ -98.739398334441546, 18.56980620925717 ], [ -98.739400708236161, 18.569706650259207 ], [ -98.739402191856044, 18.569644425892342 ], [ -98.739302841558057, 18.56943059922089 ], [ -98.739189848782658, 18.569241379280751 ], [ -98.739008497959958, 18.568907486851966 ], [ -98.738793931365436, 18.568597776490272 ], [ -98.738744113212562, 18.568223157326777 ], [ -98.738594096905487, 18.56751640618284 ], [ -98.739209113697527, 18.567389668433567 ], [ -98.739039185232386, 18.566919060668948 ], [ -98.739205839248342, 18.566911001923064 ], [ -98.739173813726183, 18.56661147718258 ], [ -98.739685403176495, 18.565894173209703 ], [ -98.739988014973463, 18.565727973747045 ], [ -98.740242247466099, 18.565742824206751 ], [ -98.740544078923563, 18.565814736678739 ], [ -98.740786745362527, 18.565904042922313 ], [ -98.741094249311473, 18.565943392744948 ], [ -98.741150857199059, 18.566444225878513 ], [ -98.753200958671513, 18.565360185942911 ], [ -98.753645020004939, 18.566453030098323 ], [ -98.762618322290237, 18.564629411029259 ], [ -98.765488398058423, 18.564168231616836 ], [ -98.764209810050588, 18.563580418444154 ], [ -98.763873394146202, 18.562900815987728 ], [ -98.763887529256522, 18.562303465580211 ], [ -98.763840157958654, 18.560995078165107 ], [ -98.764031193125746, 18.559542411380068 ], [ -98.764040910314961, 18.559131734815065 ], [ -98.763143222215973, 18.559000351729757 ], [ -98.763065550772467, 18.557317785954503 ], [ -98.762490754085192, 18.556782465886425 ], [ -98.762742411702831, 18.556078175732392 ], [ -98.763349897784863, 18.555232134355236 ], [ -98.763352548407497, 18.55512013231132 ], [ -98.765764579193771, 18.555181376958938 ], [ -98.768676319370769, 18.555019867386651 ], [ -98.770904575301969, 18.554778255866498 ], [ -98.773326658154843, 18.555035698201184 ], [ -98.773317215552396, 18.554605936526006 ], [ -98.773512935258253, 18.554610136852929 ], [ -98.773312423532289, 18.553149070197613 ], [ -98.778763050421091, 18.552855070383739 ], [ -98.778918525217918, 18.552905092471409 ], [ -98.778872680915967, 18.553604476117822 ], [ -98.778699725186343, 18.553880917020198 ], [ -98.779111728383157, 18.554263272840071 ], [ -98.778984844621419, 18.554662098294436 ], [ -98.779373207477221, 18.554801153241009 ], [ -98.779574977437491, 18.554964225204902 ], [ -98.779571021430868, 18.555132228668903 ], [ -98.779360459526686, 18.55534249773633 ], [ -98.77935826159397, 18.555435833034959 ], [ -98.779843505467554, 18.556034536039164 ], [ -98.779993710246885, 18.55630856221838 ], [ -98.779951327926327, 18.556653169811728 ], [ -98.780014117402175, 18.556897309203372 ], [ -98.779928795910863, 18.557194306148073 ], [ -98.779874370983975, 18.557426597058662 ], [ -98.779851721909083, 18.55755684767141 ], [ -98.779876465536745, 18.557753481220061 ], [ -98.780097812916409, 18.557916972339733 ], [ -98.780672024147577, 18.558480226654602 ], [ -98.781035334888671, 18.55885219832199 ], [ -98.78140535869602, 18.559355048964225 ], [ -98.781606698503325, 18.559536786399828 ], [ -98.781729089020786, 18.559744848585925 ], [ -98.781780119986479, 18.560072781143255 ], [ -98.781687649647509, 18.560257567751741 ], [ -98.781069129210849, 18.560328371631581 ], [ -98.781018659363909, 18.560392659198616 ], [ -98.780725067053183, 18.560386373216371 ], [ -98.780478868740531, 18.560446469633771 ], [ -98.780461172183053, 18.560782269632458 ], [ -98.780531608626973, 18.561117622404989 ], [ -98.780638275559312, 18.561369706238928 ], [ -98.780709316945988, 18.561679391764383 ], [ -98.780827254163938, 18.56186868329679 ], [ -98.781110623775632, 18.561893426807352 ], [ -98.7813031386696, 18.561930232315238 ], [ -98.781437404195245, 18.562049835549161 ], [ -98.781500552806804, 18.5621749200956 ], [ -98.781521620386371, 18.562527892828122 ], [ -98.781619986303994, 18.56271676497682 ], [ -98.781703404234761, 18.563124767972919 ], [ -98.781720451536756, 18.563232523717726 ], [ -98.781531052171403, 18.563583326439783 ], [ -98.781222394046409, 18.563800839268328 ], [ -98.781137889367713, 18.563855060249519 ], [ -98.781059985766277, 18.5640448285322 ], [ -98.781112604182212, 18.564097315934625 ], [ -98.781173142007987, 18.564229348826874 ], [ -98.781481752111787, 18.564221947739387 ], [ -98.781847874288346, 18.564267137913042 ], [ -98.782014748828672, 18.564457476533754 ], [ -98.782231621541399, 18.565227863161184 ], [ -98.782273919178934, 18.565719032463956 ], [ -98.782425848654157, 18.566128502834751 ], [ -98.782225061048692, 18.566338988537041 ], [ -98.781962861197727, 18.566662554820642 ], [ -98.781830086028862, 18.566895507164247 ], [ -98.781746244877027, 18.567129506862315 ], [ -98.781684668018968, 18.567249587891968 ], [ -98.781112848278596, 18.567206997639705 ], [ -98.781055200509272, 18.567264128425311 ], [ -98.778942797626399, 18.567256243786755 ], [ -98.778878030492095, 18.567511662113219 ], [ -98.77882805162524, 18.567554948788416 ], [ -98.778718030398906, 18.567445200190416 ], [ -98.778661122775461, 18.567366939239676 ], [ -98.778666647539055, 18.567236320107767 ], [ -98.777670720974427, 18.567219648890429 ], [ -98.776852044575094, 18.567212607289672 ], [ -98.776767068578906, 18.567286660138183 ], [ -98.776683824232393, 18.567391099859055 ], [ -98.776567522237656, 18.567392108482355 ], [ -98.77641768111819, 18.567362048173386 ], [ -98.776257834183653, 18.567237221928 ], [ -98.77473899720529, 18.567180136472032 ], [ -98.773994423269542, 18.567196847520364 ], [ -98.772806575898187, 18.567325440605625 ], [ -98.763478258689759, 18.568633089196737 ], [ -98.760250885777253, 18.569291982873857 ], [ -98.755017399065366, 18.570309081171199 ], [ -98.743839512549286, 18.572579487020732 ], [ -98.7431837360961, 18.570510814642077 ], [ -98.742491338117077, 18.570545620948945 ] ] ] ] } },
{ "type": "Feature", "properties": { "Pol": 3, "Nom_Pol": "Ayala", "layer": "03.- AYALA" }, "geometry": { "type": "MultiPolygon", "coordinates": [ [ [ [ -99.011265797017955, 18.614859127995555 ], [ -99.013496688481212, 18.612110655570028 ], [ -99.013585124506434, 18.61196780158134 ], [ -99.013633290823464, 18.611932605475342 ], [ -99.013844511983962, 18.611810265584857 ], [ -99.015349512317684, 18.611478614366884 ], [ -99.01621823073782, 18.61130831031333 ], [ -99.016533874593009, 18.611179000291212 ], [ -99.016772184070533, 18.611009743755815 ], [ -99.016930149806001, 18.610829855259713 ], [ -99.017102623743767, 18.610636697235432 ], [ -99.017238086647666, 18.610510590837546 ], [ -99.017367727704311, 18.610434078446385 ], [ -99.017642113158175, 18.61034913860107 ], [ -99.018008935925522, 18.610372228723481 ], [ -99.018184130357824, 18.610380221253362 ], [ -99.018383530213868, 18.610364968430581 ], [ -99.018552379186204, 18.610283583511148 ], [ -99.018624032430154, 18.610203661027764 ], [ -99.01870865994465, 18.61001779808274 ], [ -99.018697224676828, 18.609781451223565 ], [ -99.018550186594268, 18.6092430297406 ], [ -99.018281283959894, 18.608207357867755 ], [ -99.018293714367928, 18.608072033225863 ], [ -99.01830777472189, 18.607970633683937 ], [ -99.018372761512509, 18.607816015365312 ], [ -99.019864530708659, 18.60656669686335 ], [ -99.022798728219158, 18.603282999304419 ], [ -99.024042473389301, 18.601884130957131 ], [ -99.02475685216821, 18.601071290011685 ], [ -99.025195594582485, 18.600510576861694 ], [ -99.025453550712768, 18.60019935028253 ], [ -99.025692339109938, 18.599679871276273 ], [ -99.026079193571931, 18.598453841523874 ], [ -99.026217337728596, 18.598203510893747 ], [ -99.026417892832484, 18.597799400810942 ], [ -99.031755761010501, 18.589395314461861 ], [ -99.033344897338324, 18.587133851226106 ], [ -99.035341504519451, 18.588661866925939 ], [ -99.035748975372741, 18.588702614011268 ], [ -99.036971387932596, 18.588356263785975 ], [ -99.038601271345755, 18.589313820291199 ], [ -99.039681069106962, 18.591269680386986 ], [ -99.038682765516427, 18.592777322544155 ], [ -99.039579201393664, 18.594733182639942 ], [ -99.037093629188604, 18.59746323735698 ], [ -99.03638055519535, 18.598930132428819 ], [ -99.036176819768713, 18.599826568306053 ], [ -99.038193800492493, 18.600763751268619 ], [ -99.039212477625711, 18.599500591623421 ], [ -99.040740493325544, 18.600193292074014 ], [ -99.040862734581538, 18.6009471131526 ], [ -99.040516384356238, 18.601313836920557 ], [ -99.038743886144431, 18.602230646340459 ], [ -99.03719549690193, 18.602454755309765 ], [ -99.036665784792646, 18.602597370108416 ], [ -99.034954407208843, 18.60324932347368 ], [ -99.033813488819632, 18.601293463377893 ], [ -99.03320228253969, 18.601089727951248 ], [ -99.032550329174441, 18.600315533330001 ], [ -99.031939122894499, 18.600682257097958 ], [ -99.031939122894499, 18.60119159566457 ], [ -99.032000243522489, 18.602923346791048 ], [ -99.032265099577131, 18.603799409125621 ], [ -99.03258667954438, 18.605093116052959 ], [ -99.032889905751404, 18.607937040932736 ], [ -99.033332559314601, 18.608506132405878 ], [ -99.033912667620172, 18.608201242206061 ], [ -99.034567951709406, 18.607708033241707 ], [ -99.035089359985776, 18.607596299449963 ], [ -99.035509815297146, 18.60787798845649 ], [ -99.035859802730585, 18.608458802758744 ], [ -99.036210933988372, 18.609642929921879 ], [ -99.036486684340403, 18.611790388589558 ], [ -99.035962861983123, 18.61201279725821 ], [ -99.035009597040187, 18.611711567352131 ], [ -99.03423778944908, 18.611348383544058 ], [ -99.033375479996891, 18.611006005995382 ], [ -99.032274754065014, 18.610948138080463 ], [ -99.032150088109191, 18.610905006714898 ], [ -99.031073400090605, 18.610504157036885 ], [ -99.029672028848793, 18.60999520936716 ], [ -99.029105593269449, 18.610869753922792 ], [ -99.024758528466634, 18.609053029461517 ], [ -99.023770102749779, 18.610913395089938 ], [ -99.022783354141893, 18.614436809248442 ], [ -99.021868247511307, 18.615539422935569 ], [ -99.020004860245294, 18.618394732027152 ], [ -99.019324217766993, 18.619176606818019 ], [ -99.018681865359852, 18.619941162050154 ], [ -99.017914329932125, 18.620359781039578 ], [ -99.015985983764708, 18.620972288887934 ], [ -99.010870055709276, 18.626022519932555 ], [ -99.008148476170334, 18.628652791793062 ], [ -99.008218357167749, 18.628925331925938 ], [ -99.006807697421408, 18.629701680322714 ], [ -99.005494185412488, 18.629937649031742 ], [ -99.003085140978115, 18.629980054249767 ], [ -99.002445848548589, 18.630166159646716 ], [ -99.001307193010376, 18.631074416222159 ], [ -98.998237574896578, 18.632486447504565 ], [ -99.00016455520398, 18.630003181574665 ], [ -98.997798730766348, 18.627429761059897 ], [ -98.990962974666033, 18.626579139212229 ], [ -98.991285700694121, 18.626992320164835 ], [ -98.991425791686098, 18.627519346191885 ], [ -98.99143261654271, 18.628070822017207 ], [ -98.99130498067322, 18.628700954013887 ], [ -98.991121080732142, 18.62930284588758 ], [ -98.99076739565929, 18.629865187954589 ], [ -98.990411788924348, 18.63008403274997 ], [ -98.989742258435271, 18.630350824974965 ], [ -98.988770741692448, 18.630123496424616 ], [ -98.988350187825901, 18.630277767613428 ], [ -98.988067801718884, 18.630615572127748 ], [ -98.987943012754272, 18.630685380448 ], [ -98.987713660935057, 18.6303373288717 ], [ -98.987705258406777, 18.629858126319835 ], [ -98.9877623956625, 18.629416390082667 ], [ -98.987853656597764, 18.629147066464238 ], [ -98.987863609519579, 18.628695347374038 ], [ -98.987995043159188, 18.627893565264223 ], [ -98.988082918910393, 18.627777826303191 ], [ -98.987929781193017, 18.627413225735545 ], [ -98.987895458427488, 18.627249848145439 ], [ -98.988074791867163, 18.626855752070448 ], [ -98.988022390224415, 18.626222019068017 ], [ -98.987323131211227, 18.626117631739575 ], [ -98.987312661223839, 18.624011493164716 ], [ -98.988174695454703, 18.620169409703902 ], [ -98.988800447057514, 18.617368785810015 ], [ -98.99120450717804, 18.615927851355664 ], [ -98.998306057573217, 18.615658509627465 ], [ -99.011265797017955, 18.614859127995555 ] ] ] ] } },
{ "type": "Feature", "properties": { "Pol": 5, "Nom_Pol": "Emiliano Zapata", "layer": "05.- EMILIANO ZAPATA" }, "geometry": { "type": "MultiPolygon", "coordinates": [ [ [ [ -99.176630949860979, 18.82555917215581 ], [ -99.176624860781615, 18.825556908716521 ], [ -99.177869204087841, 18.825894510530539 ], [ -99.178452237575669, 18.82614320012123 ], [ -99.178716403743337, 18.826248538874001 ], [ -99.179025161874378, 18.826344145138123 ], [ -99.179748049537906, 18.826806796158323 ], [ -99.179834484729767, 18.826882505752774 ], [ -99.181197244044156, 18.827764437659344 ], [ -99.181054407940707, 18.827822455185409 ], [ -99.180996521980248, 18.827882062758576 ], [ -99.180736243298583, 18.828140185338675 ], [ -99.180358937903947, 18.828578190043267 ], [ -99.180212898915329, 18.828791246580519 ], [ -99.179801230639498, 18.829141240366102 ], [ -99.178882087856934, 18.829790726884148 ], [ -99.178648148196501, 18.829920908132632 ], [ -99.17840905039391, 18.829989827074108 ], [ -99.1783189018835, 18.830000371127337 ], [ -99.178061551249883, 18.830020015269863 ], [ -99.177794872874671, 18.830180164470939 ], [ -99.176826549616976, 18.831663220493468 ], [ -99.176782122071316, 18.831756796572044 ], [ -99.176623169766088, 18.831908917132822 ], [ -99.176380379463978, 18.832005517740885 ], [ -99.17578635545145, 18.832077909729488 ], [ -99.175632755767552, 18.832236061830287 ], [ -99.175423828824592, 18.833252017456495 ], [ -99.174739096001844, 18.833650702192777 ], [ -99.174376648649229, 18.833912290683124 ], [ -99.172703094706947, 18.833902583328896 ], [ -99.17172572638421, 18.833893268928104 ], [ -99.171549904464044, 18.83413396491235 ], [ -99.171060067600223, 18.834413947506135 ], [ -99.171097958763113, 18.834875544655482 ], [ -99.170575036185639, 18.834919943211268 ], [ -99.169989695741677, 18.834312505233861 ], [ -99.16985213034782, 18.833623111032527 ], [ -99.169776607439985, 18.833603617868935 ], [ -99.168362898610042, 18.833125196221943 ], [ -99.167012377726977, 18.832633684283238 ], [ -99.168696492146992, 18.830940986036453 ], [ -99.168713243628474, 18.830843166276313 ], [ -99.168716730567255, 18.830675000967485 ], [ -99.168693688530198, 18.830366144623923 ], [ -99.168638887251987, 18.830168845128828 ], [ -99.16865854450559, 18.829930887855021 ], [ -99.168968100315809, 18.828492728673552 ], [ -99.168927725986947, 18.828309720154856 ], [ -99.168812894444656, 18.82816736949593 ], [ -99.168637451197668, 18.828107994377696 ], [ -99.168595043334079, 18.828023081935392 ], [ -99.168598239762403, 18.827868930968371 ], [ -99.169088943240567, 18.82692485186983 ], [ -99.169094172801522, 18.826672605191938 ], [ -99.169039953498427, 18.826447279393619 ], [ -99.168955138354917, 18.826277455099742 ], [ -99.168556140724419, 18.825639092081126 ], [ -99.168616862006942, 18.825455004114001 ], [ -99.164541408467031, 18.823188704011692 ], [ -99.164193472369035, 18.822984889584234 ], [ -99.16420452888859, 18.822452488158536 ], [ -99.164533158803039, 18.821590720554301 ], [ -99.164491840218204, 18.821142773773499 ], [ -99.164512431550889, 18.819102076733039 ], [ -99.164425970837854, 18.818393998131167 ], [ -99.164511402343038, 18.818177249440176 ], [ -99.164689959634131, 18.81834759055349 ], [ -99.165117023929753, 18.818567565809779 ], [ -99.166076193655499, 18.818806752613888 ], [ -99.16618459099081, 18.819070859401222 ], [ -99.16665770164046, 18.819594858951408 ], [ -99.166703070921216, 18.819695117338128 ], [ -99.166726281610252, 18.819948584436748 ], [ -99.166599024624603, 18.820135962987528 ], [ -99.166460031713825, 18.820431562343245 ], [ -99.16652418620842, 18.820541211161355 ], [ -99.166682266347109, 18.820697811214075 ], [ -99.167733864963878, 18.821186376177216 ], [ -99.168479083988643, 18.821761152831026 ], [ -99.169118270609516, 18.822040199795172 ], [ -99.170036114623741, 18.822404589953415 ], [ -99.170269956822168, 18.822622608306855 ], [ -99.170583469719446, 18.82305574751782 ], [ -99.171040460990895, 18.823331363344295 ], [ -99.171513681584841, 18.823500470465806 ], [ -99.17213997224448, 18.823725856643264 ], [ -99.172751143749267, 18.824004362522196 ], [ -99.173237279563935, 18.824227112894917 ], [ -99.173460429226537, 18.824284707519073 ], [ -99.173671773095208, 18.824235267971336 ], [ -99.173871586909627, 18.824065447975563 ], [ -99.174310498857167, 18.823860059692667 ], [ -99.17474747652382, 18.823748094577354 ], [ -99.17511326975567, 18.823688199031981 ], [ -99.175322127373391, 18.823758874287513 ], [ -99.17552546397593, 18.824096476213064 ], [ -99.175699665509669, 18.824486937725375 ], [ -99.175970047838575, 18.824972663653323 ], [ -99.176244848003734, 18.825244847433648 ], [ -99.176630949860979, 18.82555917215581 ] ] ] ] } },
{ "type": "Feature", "properties": { "Pol": 7, "Nom_Pol": "Jiutepec", "layer": "07.- JIUTEPEC" }, "geometry": { "type": "MultiPolygon", "coordinates": [ [ [ [ -99.137026296726646, 18.884430682194004 ], [ -99.133542474441541, 18.883555507300212 ], [ -99.133594829688235, 18.883633599359516 ], [ -99.133418889529636, 18.884940882812828 ], [ -99.132005308268148, 18.884759786359886 ], [ -99.13223334517518, 18.882900976043107 ], [ -99.131318768781, 18.882742220842285 ], [ -99.131439131430739, 18.882153445040469 ], [ -99.131210286161874, 18.882123388705374 ], [ -99.131041078509796, 18.88246709738538 ], [ -99.131026907490195, 18.882060859598457 ], [ -99.130659937357677, 18.881911713681134 ], [ -99.130504101166323, 18.881911835788411 ], [ -99.130355210035532, 18.881890457478498 ], [ -99.129759965702959, 18.882098533531863 ], [ -99.129143299016505, 18.882398910086941 ], [ -99.12852133681136, 18.882707010918431 ], [ -99.128025804599261, 18.883090196254734 ], [ -99.127985814662082, 18.883112312546857 ], [ -99.127916835518946, 18.883117553043228 ], [ -99.127855257551815, 18.883098351273102 ], [ -99.127809341236784, 18.883071253630479 ], [ -99.127746251652482, 18.882960245202629 ], [ -99.127410333625605, 18.882150784950067 ], [ -99.127124616108489, 18.881403339764468 ], [ -99.126986363418126, 18.881176459117988 ], [ -99.126756499860221, 18.88090511801774 ], [ -99.126348460137876, 18.880571647400366 ], [ -99.126200907452642, 18.880494476611645 ], [ -99.126004591481689, 18.880420094639913 ], [ -99.125803946129963, 18.88040449382131 ], [ -99.1256867487227, 18.880390484942268 ], [ -99.124106921949803, 18.879356702716766 ], [ -99.123833566080748, 18.879154055752373 ], [ -99.123645067045416, 18.879085884604265 ], [ -99.123447073905041, 18.879039055973873 ], [ -99.122928310381539, 18.878977491592721 ], [ -99.123017582810462, 18.878389438038983 ], [ -99.123015162440353, 18.878075141122036 ], [ -99.123913728661194, 18.878139652066903 ], [ -99.123192149082172, 18.877187427382143 ], [ -99.123557329859523, 18.876811273838165 ], [ -99.123797648125873, 18.876566184297666 ], [ -99.124345972620972, 18.87651208052511 ], [ -99.124854304683367, 18.877068492338957 ], [ -99.125809299254286, 18.876267280423637 ], [ -99.126114933564622, 18.87665102748144 ], [ -99.126236983120975, 18.876655998608971 ], [ -99.12657289931478, 18.876260705547992 ], [ -99.126868956359004, 18.876044359923267 ], [ -99.129627933147205, 18.876897108185776 ], [ -99.130460220759716, 18.876767971503444 ], [ -99.131478127147815, 18.876082192413424 ], [ -99.132342033632426, 18.87567842548663 ], [ -99.131511162538601, 18.874143279990371 ], [ -99.130695456479927, 18.872651291624155 ], [ -99.131149832470271, 18.872451170076989 ], [ -99.131360405132185, 18.872317827846295 ], [ -99.132211345491569, 18.871921973204415 ], [ -99.132479953081088, 18.871773252104148 ], [ -99.132714871436747, 18.872129345564531 ], [ -99.133578267370396, 18.87168976777523 ], [ -99.135084795588497, 18.872503238292182 ], [ -99.135565335510705, 18.873311571655627 ], [ -99.136454463943551, 18.872923945114437 ], [ -99.138567524239477, 18.871503842508734 ], [ -99.139312132458016, 18.87100820854651 ], [ -99.138448016447015, 18.869729638520219 ], [ -99.140142941376837, 18.868519705553442 ], [ -99.140816949559351, 18.868492431937934 ], [ -99.141320288816743, 18.868575443613299 ], [ -99.142412055830476, 18.870038621649957 ], [ -99.142238275598757, 18.870143160968091 ], [ -99.142453448966023, 18.870367005750502 ], [ -99.142385327584222, 18.870470362476169 ], [ -99.142710606973665, 18.870685830762422 ], [ -99.14275324781056, 18.870749428984286 ], [ -99.14275324781056, 18.870749428984286 ], [ -99.143529523165896, 18.871214142096353 ], [ -99.143568092970028, 18.871209641019131 ], [ -99.144036902636614, 18.870344710725242 ], [ -99.144164803473458, 18.870273881314013 ], [ -99.144247217973088, 18.87027544374142 ], [ -99.144323919347713, 18.870287362712244 ], [ -99.144314024884139, 18.870234850668794 ], [ -99.144439166400204, 18.870033157584082 ], [ -99.144440041670009, 18.86999131461436 ], [ -99.14464396251995, 18.869702163267107 ], [ -99.145426301802374, 18.868381160142118 ], [ -99.145315127843119, 18.868372628803272 ], [ -99.144888759287127, 18.868107567288135 ], [ -99.14510626188401, 18.867549544470542 ], [ -99.145064898054841, 18.867429907016756 ], [ -99.14512516185556, 18.867135919521612 ], [ -99.144686567363379, 18.866815245194815 ], [ -99.144692337866005, 18.866726108525029 ], [ -99.144712988150687, 18.866672580472269 ], [ -99.145092783180331, 18.86662957819302 ], [ -99.145023735430257, 18.866475807581566 ], [ -99.144917810113014, 18.866235636805001 ], [ -99.144738846317566, 18.86582544827758 ], [ -99.144845526828917, 18.865718991391152 ], [ -99.145001604426952, 18.865520811586066 ], [ -99.145112027548763, 18.865348886140946 ], [ -99.145306475996804, 18.865041417866287 ], [ -99.145884338228072, 18.865531133818354 ], [ -99.146000178771999, 18.865774019746961 ], [ -99.145936189639997, 18.865942860871417 ], [ -99.146406503026242, 18.866469760390437 ], [ -99.146372400456059, 18.866695112435384 ], [ -99.146918081829696, 18.86707708014568 ], [ -99.147122486081003, 18.867141217720867 ], [ -99.147322481158554, 18.866983578041314 ], [ -99.147101186956249, 18.866645770753962 ], [ -99.146983282158317, 18.866445520321861 ], [ -99.146944265412586, 18.866365143936694 ], [ -99.146920933970833, 18.866291521723895 ], [ -99.146872652394066, 18.866221731660705 ], [ -99.147107422099978, 18.865806467846397 ], [ -99.147344279667877, 18.865614538910723 ], [ -99.14756949583176, 18.865883891040333 ], [ -99.14760389143882, 18.866080082184702 ], [ -99.14792955050919, 18.866308878075074 ], [ -99.148632177418179, 18.866415732942894 ], [ -99.148670451261481, 18.866365515813449 ], [ -99.148841438958371, 18.866421908806501 ], [ -99.148819319592306, 18.866589818980412 ], [ -99.148394468173464, 18.867893495029033 ], [ -99.148339032377521, 18.868097563551384 ], [ -99.14830608286168, 18.868127707481406 ], [ -99.148287665390143, 18.868106847015724 ], [ -99.148202400342058, 18.868320606742341 ], [ -99.148144057655344, 18.86853487618685 ], [ -99.148599884294541, 18.868761443319169 ], [ -99.148896301620198, 18.868903546381883 ], [ -99.148941015755483, 18.868904392687416 ], [ -99.149125041902352, 18.868989766773922 ], [ -99.149109847711145, 18.869058267793456 ], [ -99.149458446795819, 18.869336743607601 ], [ -99.149622520157891, 18.869388983060848 ], [ -99.149819280185525, 18.8695237320111 ], [ -99.149322016691045, 18.870211694480609 ], [ -99.14902680228046, 18.870413294583994 ], [ -99.148028018833884, 18.870535618712378 ], [ -99.147938654754299, 18.87055445926039 ], [ -99.147723688070727, 18.8709071410488 ], [ -99.147686776683457, 18.870996271798592 ], [ -99.147032045161552, 18.872138628186224 ], [ -99.146747423777285, 18.872585590718369 ], [ -99.146427727399256, 18.872829109357912 ], [ -99.146317668531495, 18.872920614864643 ], [ -99.146136062189029, 18.872985807406366 ], [ -99.146043686219699, 18.873015254119878 ], [ -99.145948621135986, 18.873016572701324 ], [ -99.145604851664785, 18.873000700114293 ], [ -99.14572267108646, 18.873378426997522 ], [ -99.144796811270012, 18.873031454152411 ], [ -99.144780069681346, 18.872354635289348 ], [ -99.144844915262198, 18.872208798891851 ], [ -99.144809205655562, 18.872143413258598 ], [ -99.144794856076771, 18.87194313229249 ], [ -99.144803984890473, 18.871802122539023 ], [ -99.144799613713161, 18.871308980603686 ], [ -99.144769838441661, 18.871243738827744 ], [ -99.144632531907263, 18.871176458809806 ], [ -99.144560366550763, 18.871107718590039 ], [ -99.144464098045674, 18.871108588612604 ], [ -99.144345823444723, 18.87121414218386 ], [ -99.144182103219222, 18.87132691879696 ], [ -99.144153072861585, 18.871361402033688 ], [ -99.144162588591357, 18.871447819003787 ], [ -99.144160672510409, 18.871539409041592 ], [ -99.144142679438858, 18.871587576001403 ], [ -99.14407041331846, 18.871658968056892 ], [ -99.143972960880177, 18.871716408097178 ], [ -99.143910311160369, 18.871734084531571 ], [ -99.143448154802869, 18.871768439663978 ], [ -99.143348943299301, 18.871774642964152 ], [ -99.143217589443225, 18.871828744737893 ], [ -99.142732420832232, 18.872151015072962 ], [ -99.14239201266173, 18.872373457126621 ], [ -99.141998270302039, 18.872553168154756 ], [ -99.141624508486416, 18.872717658939578 ], [ -99.140802702639462, 18.873307281428797 ], [ -99.141068392016649, 18.873816531084767 ], [ -99.141029622680094, 18.874115027854678 ], [ -99.1403276852527, 18.874507560154512 ], [ -99.140300437978652, 18.874255962549565 ], [ -99.139369948512936, 18.874770812105883 ], [ -99.139454912248354, 18.874279104968856 ], [ -99.1377500595638, 18.875367145063908 ], [ -99.136645574505451, 18.876089749904686 ], [ -99.136568819893213, 18.876131628232802 ], [ -99.135814460930092, 18.876283413596845 ], [ -99.135817879567654, 18.876482107868679 ], [ -99.135780567484389, 18.876633079014187 ], [ -99.135530961462123, 18.87677640211426 ], [ -99.135185031727289, 18.876990121936863 ], [ -99.135600776108703, 18.877319534919348 ], [ -99.136265241389609, 18.878447698331122 ], [ -99.136297934006322, 18.87851317628062 ], [ -99.136296301931026, 18.878590973023989 ], [ -99.13626742766742, 18.87866825190601 ], [ -99.136182300813289, 18.878828774855993 ], [ -99.136791089636688, 18.87905804675324 ], [ -99.137295414726566, 18.87918056137541 ], [ -99.137341076322414, 18.879317458497169 ], [ -99.136788838498575, 18.879422460173085 ], [ -99.13658697343736, 18.879534120040237 ], [ -99.136364088899782, 18.879748043884327 ], [ -99.136392874809232, 18.879789656595303 ], [ -99.136369564051009, 18.88027671996279 ], [ -99.13920211611125, 18.880176005962916 ], [ -99.138453609430115, 18.88063379047 ], [ -99.138186162714007, 18.880869337961382 ], [ -99.138021113473542, 18.881023742286118 ], [ -99.137943906790014, 18.881197493314627 ], [ -99.137835176385792, 18.881423849109794 ], [ -99.137781526620657, 18.881510963330086 ], [ -99.137590916233691, 18.882013321099091 ], [ -99.137406646278833, 18.883029974647663 ], [ -99.137026296726646, 18.884430682194004 ] ] ] ] } },
{ "type": "Feature", "properties": { "Pol": 8, "Nom_Pol": "Jojutla", "layer": "08.- JOJUTLA" }, "geometry": { "type": "MultiPolygon", "coordinates": [ [ [ [ -99.247226383209593, 18.572092585857629 ], [ -99.236112222983536, 18.564485825798272 ], [ -99.235918154431133, 18.563045548913873 ], [ -99.234415667153144, 18.560091299149065 ], [ -99.233121262391393, 18.557885828872866 ], [ -99.23330597274952, 18.554270885469723 ], [ -99.23173710434358, 18.551847526368299 ], [ -99.233266525317291, 18.550705045826405 ], [ -99.233529404398112, 18.548741096505083 ], [ -99.234283418520647, 18.547318290180133 ], [ -99.233977861431015, 18.545875993199498 ], [ -99.236408044499555, 18.54432438073713 ], [ -99.239713183954564, 18.546407081785734 ], [ -99.240285555704375, 18.549910089475993 ], [ -99.244940074837587, 18.555373705753379 ], [ -99.242567173691754, 18.55578915583688 ], [ -99.241864286469834, 18.557266237680054 ], [ -99.241579056872553, 18.557902910888313 ], [ -99.24158415025822, 18.558570144410574 ], [ -99.241889753398169, 18.559293405175161 ], [ -99.24303067178738, 18.560271335223057 ], [ -99.242908430531386, 18.561412253612264 ], [ -99.24253253661567, 18.562042022607265 ], [ -99.242390515948443, 18.564749431541426 ], [ -99.244074670133003, 18.56578093174933 ], [ -99.246342905982189, 18.566030950936348 ], [ -99.246269834023593, 18.567488856794981 ], [ -99.246819490606356, 18.568416162553241 ], [ -99.24770786478058, 18.569891674532421 ], [ -99.247583553610738, 18.571723887273418 ], [ -99.247226383209593, 18.572092585857629 ] ] ] ] } },
{ "type": "Feature", "properties": { "Pol": 9, "Nom_Pol": "Jonacatepec", "layer": "09.- JONACATEPEC" }, "geometry": { "type": "MultiPolygon", "coordinates": [ [ [ [ -98.778114070322943, 18.622849602274211 ], [ -98.777970879506455, 18.622854654040236 ], [ -98.778096765080946, 18.623264937688855 ], [ -98.778941171996905, 18.625273636544179 ], [ -98.779437030491749, 18.626383241204802 ], [ -98.780898056261606, 18.630841582736998 ], [ -98.782510840612389, 18.634401172223196 ], [ -98.784088028253976, 18.637628224114735 ], [ -98.78441296950291, 18.638609759322982 ], [ -98.785154411508813, 18.639455045335868 ], [ -98.78657490103889, 18.63917435809158 ], [ -98.788023283409345, 18.639557803516876 ], [ -98.788596495050911, 18.641083768317724 ], [ -98.78793562249416, 18.643288412998935 ], [ -98.786543656143635, 18.643279419878308 ], [ -98.786098243405988, 18.642522834472341 ], [ -98.783316897844259, 18.643154958463647 ], [ -98.782711656612207, 18.641580098631049 ], [ -98.781182426075773, 18.641858424202486 ], [ -98.78495575855915, 18.652843619704601 ], [ -98.785724859794769, 18.656276561643558 ], [ -98.78544472358314, 18.656500670612868 ], [ -98.783376809002675, 18.657692522858746 ], [ -98.782759235990682, 18.658245155203517 ], [ -98.782545313792696, 18.658242608510683 ], [ -98.781814412949615, 18.657313065626617 ], [ -98.781722732007623, 18.657588108452586 ], [ -98.782170949946249, 18.658168754418522 ], [ -98.781559743666321, 18.658667906213804 ], [ -98.780887416758389, 18.658392863387832 ], [ -98.78065312101775, 18.65618233400874 ], [ -98.778530914804008, 18.639914685376738 ], [ -98.775876104516612, 18.634424993797229 ], [ -98.770933852587376, 18.626335714550816 ], [ -98.769488516709345, 18.62306992574624 ], [ -98.769839825394655, 18.623060284113688 ], [ -98.766525771382874, 18.622797228400614 ], [ -98.766154841156578, 18.622312511584006 ], [ -98.765938206964748, 18.621522632070029 ], [ -98.765986835542734, 18.620710413346334 ], [ -98.766390909568344, 18.619793663585252 ], [ -98.766700814191879, 18.619127281256386 ], [ -98.76662189699239, 18.618732975565162 ], [ -98.764694149116892, 18.618158694085032 ], [ -98.764519532361504, 18.616836894937244 ], [ -98.765988148916051, 18.616924567755127 ], [ -98.766727760981738, 18.616744165340929 ], [ -98.766878069432238, 18.616607179399335 ], [ -98.766897292046721, 18.615794333847532 ], [ -98.766697467597211, 18.615537647716074 ], [ -98.766436195110273, 18.615391813795444 ], [ -98.765758039443028, 18.615461362331917 ], [ -98.765405256793741, 18.61545377564347 ], [ -98.765115250533213, 18.61527927806835 ], [ -98.764852653705972, 18.615189499667551 ], [ -98.76482723481034, 18.615020692662512 ], [ -98.764835193975699, 18.614684343506131 ], [ -98.76492670534715, 18.614546095149308 ], [ -98.765167197744333, 18.614326921119208 ], [ -98.765433771950512, 18.614248524390476 ], [ -98.765874746383318, 18.614258007522601 ], [ -98.766138005086262, 18.61431975494277 ], [ -98.766460060680586, 18.614382766021851 ], [ -98.76646470116728, 18.614186562448879 ], [ -98.766414522765885, 18.613820920415552 ], [ -98.766094457514399, 18.61367382211186 ], [ -98.765390227727977, 18.613602591418427 ], [ -98.765220470585476, 18.613318507308129 ], [ -98.765062651883738, 18.612529900788676 ], [ -98.765448140526757, 18.612397975461928 ], [ -98.766537851560074, 18.612337277658781 ], [ -98.766914260456346, 18.611874122146933 ], [ -98.766856810874046, 18.611777983310834 ], [ -98.766844540078409, 18.611455046561204 ], [ -98.76676674457228, 18.611377451111188 ], [ -98.76637731967007, 18.611008444481385 ], [ -98.766280075950206, 18.61091144992092 ], [ -98.766286806572467, 18.610626883505734 ], [ -98.766232947670332, 18.610378975905245 ], [ -98.766473062060655, 18.610327196363134 ], [ -98.76659468950966, 18.610234907661649 ], [ -98.766637176137507, 18.610121936729865 ], [ -98.766639419420684, 18.610027081342775 ], [ -98.766520484225509, 18.610005543593765 ], [ -98.766323305950181, 18.609925381300325 ], [ -98.766212447766151, 18.609562364093115 ], [ -98.766075859467833, 18.609445542872493 ], [ -98.765626151383671, 18.60825906919009 ], [ -98.765417157868967, 18.607836999620154 ], [ -98.765278776623347, 18.60779606200607 ], [ -98.765174803188884, 18.607983632389036 ], [ -98.76503193314241, 18.608132404742431 ], [ -98.764247725531064, 18.607622036993874 ], [ -98.763641248488312, 18.607172432088557 ], [ -98.763791303710406, 18.606720125476098 ], [ -98.763320829559348, 18.605571163075496 ], [ -98.763086561078595, 18.605376314922037 ], [ -98.76145225173137, 18.604434066204565 ], [ -98.761526051835276, 18.603570838422545 ], [ -98.76176963174359, 18.603423468768227 ], [ -98.761798703189498, 18.603322351653855 ], [ -98.762471297464003, 18.60308247481947 ], [ -98.763110605958644, 18.603121671960388 ], [ -98.763033024671316, 18.603018259114961 ], [ -98.763641457713916, 18.603234839726607 ], [ -98.769404964061479, 18.606563668627171 ], [ -98.771458665098493, 18.606582334268545 ], [ -98.774706234407333, 18.606880938325116 ], [ -98.774251367719089, 18.610330465468113 ], [ -98.779770901578274, 18.610448748546943 ], [ -98.781190362745235, 18.610404141360036 ], [ -98.781399472011202, 18.611185921361315 ], [ -98.781680745245112, 18.611318478577125 ], [ -98.782120051110141, 18.612792106140642 ], [ -98.782079173788532, 18.612917769866918 ], [ -98.782468200027907, 18.613305708013591 ], [ -98.78263577661258, 18.613435831331351 ], [ -98.782934305433926, 18.613641063297429 ], [ -98.782926652716512, 18.613966284253333 ], [ -98.783108079439614, 18.614313626602133 ], [ -98.783215405499888, 18.614587076246071 ], [ -98.78324863027882, 18.614786633261062 ], [ -98.783361483264443, 18.614825200799029 ], [ -98.783298255075863, 18.615095002803457 ], [ -98.783387056614615, 18.615349979439618 ], [ -98.783241648921063, 18.615889178617273 ], [ -98.783097090355, 18.616392242259607 ], [ -98.78302875915773, 18.616878859580492 ], [ -98.782950830093696, 18.616967577740031 ], [ -98.783458251660718, 18.617159200446363 ], [ -98.783969074848017, 18.617206278135729 ], [ -98.784728467899612, 18.61877713813308 ], [ -98.78235745668394, 18.618816818367673 ], [ -98.782348951816019, 18.619178177511319 ], [ -98.782387704566247, 18.619142852437893 ], [ -98.782787439752369, 18.620687954913677 ], [ -98.782511106325828, 18.621897163930193 ], [ -98.781967093451854, 18.622846170259763 ], [ -98.781875978688205, 18.62298622615209 ], [ -98.778114070322943, 18.622849602274211 ] ] ] ] } },
{ "type": "Feature", "properties": { "Pol": 10, "Nom_Pol": "Temixco", "layer": "10.- TEMIXCO" }, "geometry": { "type": "MultiPolygon", "coordinates": [ [ [ [ -99.217489407286394, 18.842039221200348 ], [ -99.217120707031867, 18.841960084058652 ], [ -99.216756621256025, 18.842586200933368 ], [ -99.216817119725121, 18.842646083068409 ], [ -99.216862828079613, 18.842732813806336 ], [ -99.216334397496354, 18.843560438114196 ], [ -99.216014858299843, 18.843747775968346 ], [ -99.215357508444256, 18.843621485613085 ], [ -99.215060132957532, 18.843071287984515 ], [ -99.213942115964812, 18.843068692201872 ], [ -99.21321407169026, 18.842684556399647 ], [ -99.212839494119947, 18.842777072236807 ], [ -99.212217696715015, 18.842770084609604 ], [ -99.211343704311687, 18.84267479912641 ], [ -99.210808551571603, 18.842725913969876 ], [ -99.210001408236892, 18.842844313933874 ], [ -99.209133324080085, 18.843040686120208 ], [ -99.207606183714475, 18.843658787578519 ], [ -99.206714115466269, 18.844098799588373 ], [ -99.206436912733935, 18.844188585374791 ], [ -99.20623179215346, 18.84400396726484 ], [ -99.206134810115458, 18.843871078583771 ], [ -99.205636186430084, 18.843644852310035 ], [ -99.205855422583838, 18.84325565080124 ], [ -99.206095874128309, 18.84322168861263 ], [ -99.206252672719287, 18.842867491155477 ], [ -99.205851003518674, 18.842543617030049 ], [ -99.205925350883703, 18.842245524713096 ], [ -99.205848185101928, 18.842246353317108 ], [ -99.205783398580508, 18.842541232731062 ], [ -99.205772350569816, 18.842559109071033 ], [ -99.205528742292003, 18.842457402318892 ], [ -99.205315882510192, 18.842303151908123 ], [ -99.205063868453706, 18.842322207158212 ], [ -99.205080003921381, 18.842809571857263 ], [ -99.20504131672746, 18.84319195189304 ], [ -99.20483470930813, 18.843283044648384 ], [ -99.204641267207094, 18.843310814312506 ], [ -99.204617282346177, 18.843409816464543 ], [ -99.204595956029138, 18.843465924805326 ], [ -99.204209432549661, 18.843329920887758 ], [ -99.203954435395303, 18.843320666892222 ], [ -99.203585508158966, 18.843252793024682 ], [ -99.20318584683109, 18.842947030137186 ], [ -99.202694686395986, 18.842820380093539 ], [ -99.202695982462188, 18.842757119543656 ], [ -99.202780457146616, 18.842573354953458 ], [ -99.202988785790453, 18.842369288863612 ], [ -99.20311699035004, 18.842136612701076 ], [ -99.203320664573852, 18.841927939531292 ], [ -99.203680512926454, 18.841975303976323 ], [ -99.206060926209361, 18.840376345024275 ], [ -99.207301139229585, 18.840322501510347 ], [ -99.207599489673058, 18.840300911516469 ], [ -99.2076234345502, 18.84034881874906 ], [ -99.207882456035321, 18.840393173626122 ], [ -99.208176341022366, 18.842447456050241 ], [ -99.208294755716082, 18.842460951809194 ], [ -99.208678117036825, 18.84228724423421 ], [ -99.208828008692606, 18.842154412438365 ], [ -99.209053001769405, 18.84206365512053 ], [ -99.209210161277881, 18.840181595395144 ], [ -99.209217510797316, 18.84017043080371 ], [ -99.209314567749757, 18.840183529998864 ], [ -99.209371722352458, 18.839709956533206 ], [ -99.209415936896221, 18.839651729251667 ], [ -99.209288476206041, 18.839645412263174 ], [ -99.209365877765492, 18.83929906536147 ], [ -99.208125711589432, 18.839206016532991 ], [ -99.208164457838407, 18.837543264047113 ], [ -99.208250102167739, 18.837475917111906 ], [ -99.208304968966701, 18.837404609418563 ], [ -99.208074450010898, 18.837359653638917 ], [ -99.208079233473143, 18.837299848407142 ], [ -99.208579469149242, 18.83738822595971 ], [ -99.208540262758405, 18.837332125678046 ], [ -99.208540369652809, 18.837268843538258 ], [ -99.208738849687336, 18.836965142231374 ], [ -99.209683988337702, 18.837061760983353 ], [ -99.209714355947227, 18.83667922893116 ], [ -99.209684144312305, 18.8358345055019 ], [ -99.209537234643278, 18.835647582004775 ], [ -99.20965449928444, 18.835484764315929 ], [ -99.21013904067847, 18.835440627535831 ], [ -99.211566863654809, 18.835641666009664 ], [ -99.211566743591789, 18.835211672007656 ], [ -99.211526503548384, 18.835031810881329 ], [ -99.21157037386115, 18.834743325322602 ], [ -99.211550725973211, 18.834659336414809 ], [ -99.211581947895056, 18.834409039151101 ], [ -99.211955231708842, 18.834495054777619 ], [ -99.211853774599916, 18.833767672605962 ], [ -99.211857168516971, 18.833485218514273 ], [ -99.211803056406893, 18.833461615374652 ], [ -99.210801890952283, 18.833436296648351 ], [ -99.2107571662319, 18.833417952289572 ], [ -99.210607936371972, 18.833402757680773 ], [ -99.210765622033463, 18.832713512095626 ], [ -99.209762551188831, 18.832665549759454 ], [ -99.209759365612001, 18.832821439947342 ], [ -99.208696975692121, 18.832772371496155 ], [ -99.208978314430681, 18.828530805943686 ], [ -99.209291407154709, 18.826683310904262 ], [ -99.209386381294635, 18.82412662404295 ], [ -99.209440579559484, 18.822635958374079 ], [ -99.211072630916405, 18.822679752569353 ], [ -99.211289430988913, 18.822756090747877 ], [ -99.211406860035922, 18.822817027951189 ], [ -99.211418973174077, 18.822921217032661 ], [ -99.211445229519271, 18.823030188225491 ], [ -99.211414913109436, 18.823120031035799 ], [ -99.211379798330896, 18.82344483594688 ], [ -99.211346528926001, 18.823679270903682 ], [ -99.211362556786227, 18.82382421451733 ], [ -99.211441010300106, 18.823934152383508 ], [ -99.211425706634103, 18.824218642547159 ], [ -99.211545667698147, 18.824388111811896 ], [ -99.211672680936545, 18.824444706154161 ], [ -99.211840648166998, 18.824587942757187 ], [ -99.211950104806434, 18.824806939691367 ], [ -99.211985595672985, 18.825044908272158 ], [ -99.211975499537644, 18.825306894182081 ], [ -99.211920508077355, 18.825559008570973 ], [ -99.211865819364235, 18.825680042121434 ], [ -99.211907920763394, 18.82594299461595 ], [ -99.212461158169248, 18.825932894977498 ], [ -99.212687177996557, 18.826022962690089 ], [ -99.213279497887143, 18.82654018980233 ], [ -99.213227065414245, 18.826783311930139 ], [ -99.213293910611625, 18.826996999691378 ], [ -99.21331394851255, 18.827178179735235 ], [ -99.213713632468469, 18.827481650229025 ], [ -99.214047689131078, 18.827860749715871 ], [ -99.213980191787343, 18.828144275954472 ], [ -99.214056274753005, 18.828486961423128 ], [ -99.214009231066527, 18.828931334851394 ], [ -99.214210792570668, 18.82905710999438 ], [ -99.214590927208789, 18.829272072386718 ], [ -99.219027335282846, 18.830823255233025 ], [ -99.218438221267448, 18.835899685752082 ], [ -99.21709525544847, 18.838462874433528 ], [ -99.217105960470633, 18.839801080993251 ], [ -99.217200702660648, 18.840743055308799 ], [ -99.217489407286394, 18.842039221200348 ] ] ] ] } },
{ "type": "Feature", "properties": { "Pol": 11, "Nom_Pol": "Tepalcingo", "layer": "11.- TEPALCINGO" }, "geometry": { "type": "MultiPolygon", "coordinates": [ [ [ [ -98.895260774311765, 18.591100050190196 ], [ -98.895182461727529, 18.591105211865671 ], [ -98.895406550856777, 18.591254446733764 ], [ -98.89540408952621, 18.591362852258484 ], [ -98.895345195546028, 18.591452016688372 ], [ -98.895210100702357, 18.591557683942874 ], [ -98.895205587964512, 18.591756427493873 ], [ -98.895236098875216, 18.592082426716679 ], [ -98.895309018057091, 18.592210464716818 ], [ -98.895923629070637, 18.592693130466273 ], [ -98.896194722133998, 18.593277160965304 ], [ -98.896289954417568, 18.594092551540864 ], [ -98.896261328834299, 18.596188794026819 ], [ -98.896306280275653, 18.596713931007745 ], [ -98.896557614332821, 18.597333708486094 ], [ -98.896699770281614, 18.597752394770087 ], [ -98.896559749194026, 18.598074877217723 ], [ -98.896278474651737, 18.598774045470758 ], [ -98.896191606306147, 18.599260311268495 ], [ -98.896240249721316, 18.599622840300842 ], [ -98.896252226186917, 18.599930383956295 ], [ -98.896449179920808, 18.600440584229801 ], [ -98.896454762721845, 18.602700237879667 ], [ -98.896759675636901, 18.603465736330865 ], [ -98.896694215916909, 18.603843989127931 ], [ -98.896707834125962, 18.604079262891723 ], [ -98.896944744721367, 18.604499907838211 ], [ -98.896921694676465, 18.604680196055231 ], [ -98.896490862555368, 18.605285903370415 ], [ -98.895126161170197, 18.606107326804754 ], [ -98.895008154910542, 18.606294693011524 ], [ -98.894814181247909, 18.606905287018019 ], [ -98.894727265885862, 18.606975798248339 ], [ -98.89442431047155, 18.607376262868804 ], [ -98.894310646891711, 18.607789674371848 ], [ -98.894346119677138, 18.608314624611051 ], [ -98.894121628108536, 18.608599212493978 ], [ -98.89390082986499, 18.60872118801041 ], [ -98.893494841487581, 18.60864953500587 ], [ -98.893209359803549, 18.608697867482707 ], [ -98.893080641921102, 18.608939241162151 ], [ -98.893081700016424, 18.609309831338596 ], [ -98.893085426909622, 18.609562979483009 ], [ -98.89325826830482, 18.609882888995397 ], [ -98.893377954779979, 18.610039011732454 ], [ -98.893579428077487, 18.610350474206747 ], [ -98.89358602956068, 18.610477146293924 ], [ -98.893375524037822, 18.610563180938378 ], [ -98.892763161493775, 18.610812640647261 ], [ -98.892059330847914, 18.610915595452433 ], [ -98.891348078065931, 18.610928010821802 ], [ -98.891267552312669, 18.61113422677057 ], [ -98.890652947618364, 18.611898814174545 ], [ -98.890497053078732, 18.61250115679001 ], [ -98.890416572193018, 18.613538897725224 ], [ -98.890488265488443, 18.613721146199609 ], [ -98.890367164138439, 18.61404402171819 ], [ -98.890232659588037, 18.614122585559421 ], [ -98.889344070495596, 18.614845352588389 ], [ -98.888764219446443, 18.614914703826969 ], [ -98.888533725190044, 18.615045510584494 ], [ -98.887151984548481, 18.61577613969293 ], [ -98.885682470702804, 18.616197635774917 ], [ -98.884835258865948, 18.617599112999915 ], [ -98.884106664446279, 18.617330946425028 ], [ -98.881653627531307, 18.616398867157823 ], [ -98.881485745251297, 18.61648576991076 ], [ -98.881317965797678, 18.616568155443382 ], [ -98.880899906155022, 18.616817079544106 ], [ -98.880669916476208, 18.616925289365231 ], [ -98.880225798601074, 18.617069730090506 ], [ -98.879612769006002, 18.617138358342515 ], [ -98.879157219970523, 18.617160540831375 ], [ -98.878995310360281, 18.617193334653624 ], [ -98.878733494650476, 18.617242131780781 ], [ -98.878493614426191, 18.617368209880453 ], [ -98.878334482563503, 18.617486925215662 ], [ -98.878279375730799, 18.617616837906965 ], [ -98.863385295658716, 18.609389376747032 ], [ -98.859309324685086, 18.60731589157184 ], [ -98.858338188824533, 18.607087727963403 ], [ -98.85622151400689, 18.606383703119985 ], [ -98.856258086530119, 18.606854457719749 ], [ -98.855806210647799, 18.608779204711055 ], [ -98.855176375808156, 18.608549116900644 ], [ -98.855407472383078, 18.607568775365031 ], [ -98.854681733413486, 18.606975149252595 ], [ -98.854495684408207, 18.607233368271828 ], [ -98.854354600957123, 18.607185226049257 ], [ -98.854227894473652, 18.607336226613612 ], [ -98.853664392786811, 18.60710752018899 ], [ -98.853744349212562, 18.606928427299518 ], [ -98.853702172329207, 18.606701588023277 ], [ -98.853395948871693, 18.606414994924378 ], [ -98.852878306793997, 18.607488757350168 ], [ -98.848811820603345, 18.606246708079656 ], [ -98.848848465387007, 18.604656740869643 ], [ -98.849040033170681, 18.602925411324112 ], [ -98.848728725860568, 18.602448900446166 ], [ -98.845009489636553, 18.603419357929198 ], [ -98.84406453523944, 18.603291072260095 ], [ -98.840356613539882, 18.602128627172 ], [ -98.839728688147758, 18.603868853778007 ], [ -98.838937835218132, 18.603635314820082 ], [ -98.839044694414653, 18.603113342044931 ], [ -98.838800027381524, 18.603035893368684 ], [ -98.839068503349836, 18.602083482481788 ], [ -98.838076327068023, 18.601538407719836 ], [ -98.838319589535416, 18.600856616659648 ], [ -98.837996969691716, 18.600461190188074 ], [ -98.836710680305004, 18.595523070272609 ], [ -98.835804289470616, 18.59094032716909 ], [ -98.826783286775139, 18.58808346116902 ], [ -98.828029227174056, 18.584248342555068 ], [ -98.830081201679349, 18.582507529713354 ], [ -98.830256693000422, 18.581887606692106 ], [ -98.830635354653097, 18.581497916222197 ], [ -98.831221949786169, 18.581541911640674 ], [ -98.831505668358886, 18.581159256468187 ], [ -98.831846195832441, 18.580574443267885 ], [ -98.832415591886317, 18.580337894282621 ], [ -98.833198499624743, 18.580498991979766 ], [ -98.83401351887116, 18.580705951597814 ], [ -98.834648449150976, 18.580913634991187 ], [ -98.835512477678066, 18.580845959682485 ], [ -98.836402729891716, 18.580873729929749 ], [ -98.836443826978083, 18.58053115138922 ], [ -98.837110625506014, 18.579975786039583 ], [ -98.837707279737458, 18.579789499609138 ], [ -98.838666133239499, 18.579719281628957 ], [ -98.839238893168258, 18.579541524867551 ], [ -98.840226828916926, 18.579648148505235 ], [ -98.841044648760473, 18.580144343318466 ], [ -98.841176331017124, 18.580187780453002 ], [ -98.841459997973644, 18.58021633405896 ], [ -98.841718564242996, 18.580510979945373 ], [ -98.842185286188851, 18.580615680563294 ], [ -98.844517794595959, 18.581803430067229 ], [ -98.844792628783551, 18.581393450102802 ], [ -98.84499629918615, 18.581397723517224 ], [ -98.845505134412988, 18.581525892368688 ], [ -98.849167458630234, 18.581354131554413 ], [ -98.849315606365892, 18.583562503270571 ], [ -98.853223760583248, 18.586301511615332 ], [ -98.853731462612757, 18.586068108332203 ], [ -98.854284451536245, 18.585926030983163 ], [ -98.85488418277545, 18.585812043322548 ], [ -98.854929516536899, 18.58796065303433 ], [ -98.854886584838738, 18.588180057522667 ], [ -98.855234860905369, 18.589109222347091 ], [ -98.855454623231253, 18.589032475416058 ], [ -98.856355317124809, 18.588608442453967 ], [ -98.856712197416371, 18.588751473299293 ], [ -98.856700854874674, 18.588832578662885 ], [ -98.857003178689411, 18.588875049898618 ], [ -98.857165060045929, 18.58884228101623 ], [ -98.85755617556363, 18.588732959973061 ], [ -98.857804356673071, 18.588656803549359 ], [ -98.858214625826079, 18.588538843017105 ], [ -98.858607192397827, 18.588366283339735 ], [ -98.858603249186714, 18.58853792378908 ], [ -98.858676962312131, 18.588629844081378 ], [ -98.858844581145334, 18.588759878093331 ], [ -98.859022088899948, 18.588872042390104 ], [ -98.859316184886026, 18.588860108819944 ], [ -98.8594582885883, 18.588863076609371 ], [ -98.859631717622605, 18.588740165788703 ], [ -98.859856248355484, 18.58845563712104 ], [ -98.860162098705942, 18.588344528928566 ], [ -98.860238509358595, 18.58831901021302 ], [ -98.860244524797892, 18.588057032714495 ], [ -98.860362148102524, 18.587887765869784 ], [ -98.860470090200337, 18.587727334890005 ], [ -98.860578032044913, 18.587566903867984 ], [ -98.860718956796873, 18.587208324787479 ], [ -98.860908426153401, 18.587212280034102 ], [ -98.861026877411135, 18.587006878092264 ], [ -98.861103494525224, 18.586972325291185 ], [ -98.861544871542719, 18.586737511195818 ], [ -98.861605643961283, 18.585947953400609 ], [ -98.86164675114486, 18.585808722201808 ], [ -98.86184499800423, 18.585636618389554 ], [ -98.861973510302931, 18.585612186211527 ], [ -98.862240629997103, 18.585536418170054 ], [ -98.86227959086446, 18.5852841671121 ], [ -98.862307005391742, 18.585122055175439 ], [ -98.862441217295697, 18.584849196694162 ], [ -98.862696124639939, 18.584479438468168 ], [ -98.863829367790956, 18.584864596854651 ], [ -98.864364267399921, 18.58551067071031 ], [ -98.864418504295131, 18.585728713651282 ], [ -98.864510959425374, 18.5858300594819 ], [ -98.864564433669088, 18.585978042018827 ], [ -98.864733090495349, 18.586062900561291 ], [ -98.864886501835571, 18.586192631108261 ], [ -98.864885259120513, 18.586246833241404 ], [ -98.865015919269766, 18.586335418315791 ], [ -98.865060076164923, 18.586476428012194 ], [ -98.865132757001888, 18.58661351334889 ], [ -98.865320568933384, 18.586689732590582 ], [ -98.865443930716353, 18.586683266062792 ], [ -98.865625686147155, 18.586610231486262 ], [ -98.865673053313543, 18.58661121877417 ], [ -98.865815154816886, 18.586614180548363 ], [ -98.866108235340135, 18.586439528521012 ], [ -98.866514996041744, 18.586267244842915 ], [ -98.866682436738529, 18.586198429771329 ], [ -98.866843898627749, 18.586183717973423 ], [ -98.867133975844496, 18.586140052551727 ], [ -98.867458428342971, 18.586250748712093 ], [ -98.867573948798665, 18.58637968717218 ], [ -98.867781950190235, 18.586402095816176 ], [ -98.867986766798069, 18.586356652803815 ], [ -98.868141445071672, 18.586224304278538 ], [ -98.868311057272237, 18.58606063363241 ], [ -98.868864299317337, 18.586320699276868 ], [ -98.869265161544178, 18.586405868497494 ], [ -98.869425589302566, 18.586436322410275 ], [ -98.869910285004522, 18.586378627101595 ], [ -98.870206940326057, 18.58646162470211 ], [ -98.870750008711411, 18.586545230621649 ], [ -98.870942457040513, 18.586626058254907 ], [ -98.871077238066647, 18.586741837782103 ], [ -98.871325890268551, 18.587058822552567 ], [ -98.871810951162317, 18.587606675366711 ], [ -98.872055092660517, 18.587706653002208 ], [ -98.872354784243981, 18.587864273223328 ], [ -98.872829530436761, 18.58803457131091 ], [ -98.872933481165404, 18.588048030490636 ], [ -98.873318901274303, 18.588187095952879 ], [ -98.873685529945448, 18.58831899125617 ], [ -98.874019156708357, 18.588443421138379 ], [ -98.87448284556227, 18.588475654359762 ], [ -98.8746817906475, 18.588479789163511 ], [ -98.874862820910039, 18.588438361297964 ], [ -98.87518369514595, 18.588291382963533 ], [ -98.875415189212674, 18.588115432812561 ], [ -98.875745226032393, 18.5879822007754 ], [ -98.875879290075417, 18.58812959426 ], [ -98.876137542632407, 18.588234377424563 ], [ -98.876385196581467, 18.588180774714388 ], [ -98.876454400496641, 18.588055679976158 ], [ -98.876576421711647, 18.588107923535766 ], [ -98.876629136101741, 18.588289778733927 ], [ -98.876713160145172, 18.588345751994467 ], [ -98.876804697646563, 18.58848774242966 ], [ -98.876904470953704, 18.588684131999674 ], [ -98.877096255401327, 18.588794311641365 ], [ -98.878530725477262, 18.587405126428749 ], [ -98.878665622894516, 18.587308508479371 ], [ -98.878680251636112, 18.587082862119441 ], [ -98.878833064591078, 18.587031805923282 ], [ -98.879182758718954, 18.587075215599665 ], [ -98.880025890934945, 18.587508458917473 ], [ -98.880734126107825, 18.588454066127593 ], [ -98.881169906365614, 18.58887885345456 ], [ -98.881542258162071, 18.589175792090945 ], [ -98.881947976469917, 18.589256509195089 ], [ -98.882262254413504, 18.589190721115664 ], [ -98.883083164853645, 18.588936597853856 ], [ -98.883684738211556, 18.588741191169646 ], [ -98.883975328152076, 18.588467034481479 ], [ -98.884686658374491, 18.587614124153454 ], [ -98.884850994616485, 18.587057172950512 ], [ -98.885318480045939, 18.586506501295354 ], [ -98.887076608843472, 18.58588313392147 ], [ -98.887899736180373, 18.58511386801543 ], [ -98.889918773582252, 18.584685665641796 ], [ -98.891244013846418, 18.584758258300742 ], [ -98.891624795695833, 18.584684788257544 ], [ -98.89176874382764, 18.58460642214828 ], [ -98.891928325032666, 18.584257240613983 ], [ -98.892207978453484, 18.584046109795185 ], [ -98.892901755805184, 18.583545283952773 ], [ -98.89368783127577, 18.583570562028129 ], [ -98.894212161167033, 18.583644657818741 ], [ -98.894417410884699, 18.583996857400361 ], [ -98.894513905666088, 18.584129900327881 ], [ -98.89457570537904, 18.584330011292238 ], [ -98.894613103910245, 18.584561251187459 ], [ -98.894623723742882, 18.584719634561342 ], [ -98.894660386217609, 18.58477461935313 ], [ -98.894776770035222, 18.585075275044254 ], [ -98.895023282759468, 18.585071327311308 ], [ -98.895172190144592, 18.585191895265844 ], [ -98.895504598252217, 18.585370479270367 ], [ -98.894834149897022, 18.586513495651388 ], [ -98.895139557236263, 18.586420384094644 ], [ -98.895762940205714, 18.586306722352347 ], [ -98.89623829463288, 18.586659977107807 ], [ -98.896586353124263, 18.586775616203116 ], [ -98.896912185133459, 18.587035403407111 ], [ -98.897086236973038, 18.587301096178891 ], [ -98.896867158970025, 18.587766550471642 ], [ -98.896179382906212, 18.588629041184191 ], [ -98.895260774311765, 18.591100050190196 ] ] ] ] } },
{ "type": "Feature", "properties": { "Pol": 12, "Nom_Pol": "Tetela del Volcán", "layer": "12.- TETELA DEL VOLCAN" }, "geometry": { "type": "MultiPolygon", "coordinates": [ [ [ [ -98.721562596914509, 18.915541502849919 ], [ -98.719105723779279, 18.915231453117286 ], [ -98.719365027948328, 18.912743198710764 ], [ -98.718301724525972, 18.912417347661982 ], [ -98.717581422207616, 18.912966149428353 ], [ -98.717598572262816, 18.913394900808331 ], [ -98.71737562154523, 18.913343450642735 ], [ -98.71735847149003, 18.91303474964915 ], [ -98.71728987126923, 18.912897549207557 ], [ -98.717512821986816, 18.912417347661982 ], [ -98.717701472594015, 18.912228697054793 ], [ -98.718044473697987, 18.911971446226804 ], [ -98.718275999443179, 18.911765645564415 ], [ -98.718353174691572, 18.911371194294837 ], [ -98.718344599663965, 18.910856692638866 ], [ -98.718275999443165, 18.910513691534884 ], [ -98.718361749719165, 18.910102090210103 ], [ -98.718284574470772, 18.909801964244117 ], [ -98.717984448504779, 18.909553288443732 ], [ -98.718121648946379, 18.909373212864139 ], [ -98.717984448504794, 18.90915883717415 ], [ -98.717937285852997, 18.909047361815357 ], [ -98.71799731104619, 18.908944461484161 ], [ -98.718173099111979, 18.908845848666768 ], [ -98.718134511487776, 18.908807261042568 ], [ -98.717937285852997, 18.908571447783583 ], [ -98.718035898670436, 18.908323843861641 ], [ -98.718053048725636, 18.907955117674859 ], [ -98.718053048725636, 18.907817917233267 ], [ -98.717975873477229, 18.907612116570878 ], [ -98.717958723422029, 18.907440616018885 ], [ -98.718190249167222, 18.907303415577292 ], [ -98.718181674139629, 18.907123339997703 ], [ -98.718087348836036, 18.906994714583707 ], [ -98.718181674139629, 18.906686013590125 ], [ -98.718391762315818, 18.906248687182547 ], [ -98.718674738226596, 18.906257262210151 ], [ -98.718717613364603, 18.906192949503154 ], [ -98.718670450712807, 18.906115774254758 ], [ -98.71853325027125, 18.905811360774983 ], [ -98.718619000547235, 18.905382609395005 ], [ -98.718876251375221, 18.905056758346223 ], [ -98.719073477010056, 18.904285005862263 ], [ -98.718627575574871, 18.903839104427085 ], [ -98.717598572262929, 18.903358902881511 ], [ -98.719244977562042, 18.903221702439918 ], [ -98.719690878997227, 18.902947301556733 ], [ -98.718953426623671, 18.902244149293566 ], [ -98.719159227286056, 18.901729647637595 ], [ -98.719433628169242, 18.901498121892406 ], [ -98.71976805424562, 18.901155120788424 ], [ -98.719986717449416, 18.901030782888228 ], [ -98.718657588171467, 18.900207580238671 ], [ -98.718837663751046, 18.899744528748293 ], [ -98.718931989054639, 18.899461552837508 ], [ -98.718949139109839, 18.899212877037119 ], [ -98.719163514799831, 18.899084251623126 ], [ -98.719360740434624, 18.898698375381148 ], [ -98.719523665959017, 18.898278199028773 ], [ -98.719858092035395, 18.897780847427999 ], [ -98.719918117228588, 18.897515021572413 ], [ -98.719112064634231, 18.897129145330432 ], [ -98.719532240986609, 18.896726119033247 ], [ -98.719926692256195, 18.896537468426061 ], [ -98.720544094243351, 18.895834316162897 ], [ -98.720869945292151, 18.895842891190497 ], [ -98.721307271699729, 18.895396989755319 ], [ -98.721118621092543, 18.894145035725781 ], [ -98.720303993470594, 18.894024985339385 ], [ -98.71906061446866, 18.893390433297022 ], [ -98.717422784197154, 18.892644405895858 ], [ -98.718623288061067, 18.892249954626276 ], [ -98.719969567394187, 18.89214705429508 ], [ -98.720484069050158, 18.891701152859902 ], [ -98.72042190010005, 18.891338857943826 ], [ -98.720794913800631, 18.890972275513946 ], [ -98.720942833026726, 18.890742893525658 ], [ -98.721035014573431, 18.890367736068168 ], [ -98.721170071258129, 18.890078328886684 ], [ -98.721438040870623, 18.889351595297622 ], [ -98.721926817443816, 18.889880031373448 ], [ -98.722346993796208, 18.890467420764022 ], [ -98.722014711476717, 18.890443839438124 ], [ -98.721678141643437, 18.890548883526218 ], [ -98.721532366174245, 18.890604621205615 ], [ -98.721388734461954, 18.890720384078211 ], [ -98.721246174628106, 18.89098728181224 ], [ -98.720709096532303, 18.891563550463896 ], [ -98.72101357700447, 18.8914326473082 ], [ -98.721395835656708, 18.8912762870393 ], [ -98.721760274329696, 18.891087636432111 ], [ -98.722026100185261, 18.890978304830217 ], [ -98.72221903830625, 18.890903273338722 ], [ -98.722875027917667, 18.890765001018671 ], [ -98.723104409905943, 18.890547409693337 ], [ -98.72329520427003, 18.890414496765544 ], [ -98.72357282078859, 18.890365190356839 ], [ -98.729948206848007, 18.881195917586052 ], [ -98.730559926646066, 18.880487610451457 ], [ -98.731171646444125, 18.88055200200915 ], [ -98.731912149357555, 18.880004673768781 ], [ -98.732314596593127, 18.879924184321666 ], [ -98.732813631165229, 18.880101261105317 ], [ -98.733055099506558, 18.879956380100513 ], [ -98.73331266573733, 18.88006906532647 ], [ -98.733521938299816, 18.879795401206287 ], [ -98.734793671564205, 18.879940282211091 ], [ -98.735260510357463, 18.880342729446653 ], [ -98.735566370256493, 18.880181750552428 ], [ -98.73567905548245, 18.879280268744765 ], [ -98.736033209049737, 18.879038800403425 ], [ -98.735904425934365, 18.878684646836128 ], [ -98.736339068948766, 18.878185612264026 ], [ -98.736644928847795, 18.877831458696733 ], [ -98.737063473972782, 18.877654381913082 ], [ -98.73753031276604, 18.878443178494788 ], [ -98.737317015731179, 18.879119289850536 ], [ -98.736866274827378, 18.880322607084878 ], [ -98.736801883269678, 18.880934326882937 ], [ -98.736697246988442, 18.881562144570424 ], [ -98.737075547389864, 18.880725054320443 ], [ -98.737461896736008, 18.881191893113698 ], [ -98.737494092514865, 18.881449459344463 ], [ -98.737832148192751, 18.88156214457042 ], [ -98.738089714423509, 18.88156214457042 ], [ -98.738331182764838, 18.881642634017535 ], [ -98.739023392010012, 18.881996787584832 ], [ -98.73844386799081, 18.882978758839609 ], [ -98.739280958240784, 18.883429499743443 ], [ -98.739425839245584, 18.883622674416511 ], [ -98.73858874899561, 18.884314883661684 ], [ -98.739168273014826, 18.884395373108795 ], [ -98.740922942961916, 18.885361246474151 ], [ -98.74064927884173, 18.885876378935674 ], [ -98.739876580149456, 18.886278826171239 ], [ -98.739844384370599, 18.887148112200059 ], [ -98.739812188591756, 18.887357384762552 ], [ -98.739474132913884, 18.887486167877935 ], [ -98.739103881457169, 18.887920810892343 ], [ -98.738798021558139, 18.888017398228879 ], [ -98.738524357437953, 18.887614950993314 ], [ -98.738186301760081, 18.88764714677216 ], [ -98.737880441861051, 18.887904713002921 ], [ -98.736785785380306, 18.887260797426016 ], [ -98.734216775611287, 18.891223226245025 ], [ -98.734559212594746, 18.891402444345236 ], [ -98.734839720633232, 18.891589361316441 ], [ -98.735122391173249, 18.891685906125829 ], [ -98.735638107760479, 18.891769416640191 ], [ -98.735853885982394, 18.89188259431689 ], [ -98.736106777883023, 18.892032743199781 ], [ -98.736195347267582, 18.892301396837716 ], [ -98.736497644228081, 18.892769080612251 ], [ -98.736822821447774, 18.893074506000914 ], [ -98.737262366632237, 18.893364324005269 ], [ -98.737566397720542, 18.893759708708949 ], [ -98.737758439496162, 18.89407129108001 ], [ -98.738517977199166, 18.895679108035495 ], [ -98.739304553597606, 18.897845847538779 ], [ -98.737733275059625, 18.899595352337155 ], [ -98.737033930640308, 18.899840163272344 ], [ -98.736680760485314, 18.900506139016784 ], [ -98.736030037049403, 18.901696883875484 ], [ -98.73557571681286, 18.901974123056611 ], [ -98.735089864216576, 18.902179472128697 ], [ -98.734943307385578, 18.902949043359182 ], [ -98.734810394457796, 18.903039081148979 ], [ -98.734497405950407, 18.902983343469582 ], [ -98.73450169346421, 18.903081956286975 ], [ -98.734535993574596, 18.903442107446157 ], [ -98.733583786125365, 18.903482779809831 ], [ -98.733436382638942, 18.903687549775817 ], [ -98.733004541839321, 18.904066992036988 ], [ -98.732502902698855, 18.904187222475262 ], [ -98.731587026369255, 18.905141632793189 ], [ -98.730275662493213, 18.906245692019453 ], [ -98.730045722400874, 18.906574126503607 ], [ -98.729923471364032, 18.906868730025842 ], [ -98.729816874678107, 18.907055168886927 ], [ -98.72924989309962, 18.907721014602295 ], [ -98.72838944464641, 18.909135498678367 ], [ -98.728067729868826, 18.909378299579434 ], [ -98.727849072083899, 18.909532917407596 ], [ -98.72776983916502, 18.909568495153152 ], [ -98.727491919066239, 18.909668703248268 ], [ -98.72709982374144, 18.909874935573598 ], [ -98.726915721368059, 18.910024651524886 ], [ -98.726439118205931, 18.910882336916618 ], [ -98.726257322726696, 18.911133825932197 ], [ -98.725708628836827, 18.911036002917204 ], [ -98.721714967990209, 18.915526733894961 ], [ -98.721562596914509, 18.915541502849919 ] ] ] ] } },
{ "type": "Feature", "properties": { "Pol": 13, "Nom_Pol": "Tlaltizapan", "layer": "13.- TLALTIZAPAN" }, "geometry": { "type": "MultiPolygon", "coordinates": [ [ [ [ -99.163182278585651, 18.715042925326873 ], [ -99.162331050181606, 18.71589068575512 ], [ -99.162023871887968, 18.716178667644144 ], [ -99.16200861546136, 18.716228095583475 ], [ -99.162028571888811, 18.716637496122388 ], [ -99.162175123956189, 18.717688808878258 ], [ -99.161357905963229, 18.718211231166311 ], [ -99.161298004645602, 18.718354729043082 ], [ -99.161293991341338, 18.718433746639374 ], [ -99.160801181883144, 18.718523882096665 ], [ -99.160775573063006, 18.718500800890435 ], [ -99.16027166044104, 18.718554568219329 ], [ -99.1602676701051, 18.718518335980143 ], [ -99.160097351994509, 18.718497043727108 ], [ -99.159776902731679, 18.718396084577122 ], [ -99.159683669517989, 18.718317491552511 ], [ -99.159213576698846, 18.718911988132351 ], [ -99.15909895973023, 18.718835250867972 ], [ -99.159015491414536, 18.718743282846852 ], [ -99.158248134579949, 18.7177796757267 ], [ -99.158364929639376, 18.718093734530136 ], [ -99.158470749944655, 18.718536395297722 ], [ -99.158460819075302, 18.718671796392478 ], [ -99.158389483566964, 18.718794739080113 ], [ -99.158090494115115, 18.719087388574028 ], [ -99.158009628042507, 18.719212411005103 ], [ -99.157974605006359, 18.719299882308665 ], [ -99.157989461863977, 18.719383775918256 ], [ -99.158252630875907, 18.719958218240428 ], [ -99.158276804873907, 18.720164317799679 ], [ -99.158268727679584, 18.720324612148499 ], [ -99.158248843550126, 18.720482423778783 ], [ -99.158181330473383, 18.720763626000956 ], [ -99.158154875981751, 18.720781205008791 ], [ -99.158151142687473, 18.720846669198863 ], [ -99.158022975366336, 18.721079270008858 ], [ -99.157644438744853, 18.721490187873059 ], [ -99.157585403790009, 18.721477773843993 ], [ -99.157556813252441, 18.721484013331192 ], [ -99.157494561616573, 18.721512215255736 ], [ -99.157428179298819, 18.721510961491141 ], [ -99.157373932944438, 18.721496378003032 ], [ -99.157360272120783, 18.721469002154734 ], [ -99.15732497121148, 18.721341785548699 ], [ -99.15731239134729, 18.721262454295584 ], [ -99.157216168035006, 18.72104256435771 ], [ -99.157190747344629, 18.721010446744756 ], [ -99.157170642643692, 18.721007807170505 ], [ -99.157129012849751, 18.721013800271741 ], [ -99.157119271195242, 18.721026045255435 ], [ -99.157072628179392, 18.721101997996215 ], [ -99.157029624950539, 18.721117004399392 ], [ -99.156969052297256, 18.721121509718341 ], [ -99.156904184595916, 18.721104465605439 ], [ -99.156863165819303, 18.721081092544047 ], [ -99.156828802607365, 18.721022818028537 ], [ -99.156815084672331, 18.720941205444419 ], [ -99.156818126770503, 18.720852000128261 ], [ -99.156831320338142, 18.720787844584404 ], [ -99.156825957437405, 18.720760625468365 ], [ -99.1568132001576, 18.720746825564181 ], [ -99.156765925504203, 18.720739153020713 ], [ -99.156733379353099, 18.720764526058755 ], [ -99.156687065263228, 18.720824666149593 ], [ -99.156644636367673, 18.720869060911497 ], [ -99.156624038110266, 18.720890140021904 ], [ -99.156580799853359, 18.720916440939305 ], [ -99.156493020369538, 18.720974667667143 ], [ -99.156451414061621, 18.720979531115933 ], [ -99.156391194042115, 18.720967094230389 ], [ -99.156293535086846, 18.720930221836877 ], [ -99.15618104026467, 18.720922446677537 ], [ -99.156061762220304, 18.72089872453229 ], [ -99.155986132164614, 18.720885996289692 ], [ -99.15594395172775, 18.720861471119829 ], [ -99.155916899287305, 18.72085079072362 ], [ -99.155856857590805, 18.720772822290179 ], [ -99.155783672779336, 18.720642629667189 ], [ -99.155743255810393, 18.720533394646239 ], [ -99.155722369404444, 18.720397410937959 ], [ -99.15573347868451, 18.720205536536806 ], [ -99.155761532137404, 18.720111154457282 ], [ -99.155772265162256, 18.719937351535428 ], [ -99.155822482119746, 18.719689720963874 ], [ -99.155923821201782, 18.719492772442038 ], [ -99.155939812699273, 18.719294211086865 ], [ -99.155915144946576, 18.719225950547369 ], [ -99.15584116155614, 18.719134159923929 ], [ -99.155691126055856, 18.719049971226973 ], [ -99.155554750949392, 18.718993158312056 ], [ -99.155508370470358, 18.718942565851606 ], [ -99.15543391723314, 18.718873364290932 ], [ -99.15533092102055, 18.718808142819352 ], [ -99.155255621401849, 18.718779601787297 ], [ -99.155177837831829, 18.718642542825421 ], [ -99.155144647380425, 18.718641915438329 ], [ -99.15505019378989, 18.718622051487515 ], [ -99.154911937941989, 18.718655594899829 ], [ -99.154558631003141, 18.71853818472168 ], [ -99.154359940423362, 18.718398839367794 ], [ -99.154255656412872, 18.718281617197263 ], [ -99.154047436515086, 18.718144351088107 ], [ -99.154074643817651, 18.718090630142065 ], [ -99.153687989669649, 18.717866376329823 ], [ -99.153382647475439, 18.717609762441391 ], [ -99.153348339554228, 18.717435108280238 ], [ -99.153048557938206, 18.717253172654555 ], [ -99.152895620463255, 18.717080793932649 ], [ -99.152722917433664, 18.716946457857208 ], [ -99.152544091164458, 18.716764549815512 ], [ -99.152341904642483, 18.716679371238762 ], [ -99.152351696771959, 18.716209517009602 ], [ -99.152346733395078, 18.715992481880807 ], [ -99.152190798779728, 18.715736433252779 ], [ -99.151862479958098, 18.715558475178302 ], [ -99.151332763632581, 18.715485174930663 ], [ -99.15115485181083, 18.715373336704651 ], [ -99.151145305710216, 18.714921195637761 ], [ -99.150590363774398, 18.714900951116444 ], [ -99.148812043853894, 18.71513131735351 ], [ -99.142015457358454, 18.714157451854682 ], [ -99.138545155363005, 18.713140942110229 ], [ -99.135822892433254, 18.712374035903224 ], [ -99.133609550419123, 18.71142553394235 ], [ -99.133054765708621, 18.710272163816398 ], [ -99.133423843864179, 18.70970300452592 ], [ -99.135285861621142, 18.709206351863969 ], [ -99.140455263167411, 18.707960393647369 ], [ -99.147202969082329, 18.708536549868512 ], [ -99.14855088138836, 18.708730129721509 ], [ -99.150206597003901, 18.708257390946891 ], [ -99.152724640234865, 18.70923832929131 ], [ -99.153039073469799, 18.709854419777951 ], [ -99.152799095935464, 18.709989986457497 ], [ -99.152980554309636, 18.710386622230693 ], [ -99.153375968665699, 18.710986166556239 ], [ -99.153830988561353, 18.711912247410282 ], [ -99.154450631495365, 18.711922427809519 ], [ -99.15474559126335, 18.711871993141671 ], [ -99.154954161345643, 18.711735907495367 ], [ -99.155133351688505, 18.711599266212019 ], [ -99.155112715088379, 18.711178790060256 ], [ -99.155145591360295, 18.711011377192278 ], [ -99.155148505552333, 18.710871403683964 ], [ -99.15509091291699, 18.710814303532896 ], [ -99.155037400350352, 18.71056124052938 ], [ -99.155092178382247, 18.710340683374433 ], [ -99.153609437044082, 18.708658484407227 ], [ -99.153799532759976, 18.707905302253312 ], [ -99.154101674782694, 18.707569540898721 ], [ -99.15409008601587, 18.707442774184837 ], [ -99.154131966621264, 18.707253744886529 ], [ -99.154039026533525, 18.707161596211325 ], [ -99.153844339531702, 18.70697317754642 ], [ -99.153827496937069, 18.706899416279789 ], [ -99.15383241992582, 18.706776916544523 ], [ -99.153906041464055, 18.706657975870428 ], [ -99.153392952298475, 18.706584997569998 ], [ -99.153328036064806, 18.706513716585562 ], [ -99.153291248739677, 18.706230548871662 ], [ -99.153189315924905, 18.706228620628004 ], [ -99.152322135626605, 18.705622412640757 ], [ -99.152500438599361, 18.705259703477541 ], [ -99.153052879826078, 18.705378624701535 ], [ -99.153178888152752, 18.705021704878021 ], [ -99.15306191571355, 18.704944919595608 ], [ -99.153064504108258, 18.704820681200015 ], [ -99.153097373928091, 18.704608884678315 ], [ -99.153185206175536, 18.704490778490605 ], [ -99.153144002037592, 18.704456417137415 ], [ -99.153081777332204, 18.704444564812579 ], [ -99.153013626464386, 18.704417897081697 ], [ -99.152886213972394, 18.704397155513231 ], [ -99.152773616886435, 18.70435863545751 ], [ -99.152572127364209, 18.704317152320584 ], [ -99.152133591345248, 18.704192702909797 ], [ -99.15071131236482, 18.703825280839851 ], [ -99.150829835613195, 18.703457858769905 ], [ -99.150326111807615, 18.703321557034279 ], [ -99.150118696122973, 18.703339335521534 ], [ -99.148862349690262, 18.702681531493084 ], [ -99.149057913050072, 18.70135407111135 ], [ -99.147321547461445, 18.700648857783552 ], [ -99.146432623098676, 18.700844421143358 ], [ -99.146148167302599, 18.700476999073416 ], [ -99.145911120805849, 18.699896235156402 ], [ -99.146373361474502, 18.699777711908034 ], [ -99.146349656824825, 18.699303618914556 ], [ -99.146094831840827, 18.698337654440348 ], [ -99.146438549261106, 18.698319875953093 ], [ -99.146918568416993, 18.698432473039041 ], [ -99.147114131776817, 18.698509513150483 ], [ -99.147259322756071, 18.698459140769927 ], [ -99.147807492779791, 18.698239872760443 ], [ -99.149268291815929, 18.698648777967321 ], [ -99.149374962739486, 18.697294649854697 ], [ -99.149126063917919, 18.697241314392929 ], [ -99.149286070303205, 18.696598325770527 ], [ -99.149952763575328, 18.696610178095366 ], [ -99.14994239279109, 18.695564210428508 ], [ -99.14992313276322, 18.694894554075219 ], [ -99.150049063714619, 18.694784920070479 ], [ -99.15017647620661, 18.694744918474154 ], [ -99.150277220967737, 18.694906406400058 ], [ -99.150850577181714, 18.694915295643685 ], [ -99.151028362054262, 18.695026411189033 ], [ -99.151458008829607, 18.69499678037694 ], [ -99.151631349080333, 18.694918258724893 ], [ -99.151714315354198, 18.694851589397686 ], [ -99.150684459441422, 18.693249303233809 ], [ -99.151146700110061, 18.693261155558645 ], [ -99.151597088453869, 18.693270044802272 ], [ -99.152388231136712, 18.693287823289527 ], [ -99.152493976097389, 18.693286712134071 ], [ -99.152565090046409, 18.693314120635257 ], [ -99.152624722055748, 18.693332639892816 ], [ -99.152626573981507, 18.693347455298863 ], [ -99.15266953865904, 18.693382271503069 ], [ -99.153855141527885, 18.693879698761076 ], [ -99.154507019393932, 18.694181933044419 ], [ -99.154735176647051, 18.694333050186088 ], [ -99.154824069083332, 18.694377496404229 ], [ -99.154872959923296, 18.694444165731436 ], [ -99.155275938967748, 18.694833810910453 ], [ -99.15551594854567, 18.695038263513887 ], [ -99.155590025575904, 18.695150860599831 ], [ -99.155607804063152, 18.695167157546482 ], [ -99.155755958123621, 18.695288643876061 ], [ -99.155988559998548, 18.695439761017731 ], [ -99.156027080054272, 18.69545902104559 ], [ -99.15606708165059, 18.695516801129173 ], [ -99.156158937168072, 18.695558284266102 ], [ -99.157120457020469, 18.695581988915773 ], [ -99.157307131136633, 18.695587915078189 ], [ -99.157938267434204, 18.695599767403028 ], [ -99.15806567992621, 18.6955908781594 ], [ -99.158317541828993, 18.69563236129633 ], [ -99.158433101996152, 18.695673844433259 ], [ -99.158561996028766, 18.695703475245352 ], [ -99.1586079237875, 18.695715327570188 ], [ -99.158667185411687, 18.69576421841014 ], [ -99.15878126403824, 18.695956818688742 ], [ -99.158834599500011, 18.696026451097158 ], [ -99.1590568305907, 18.696364242355013 ], [ -99.159079053699784, 18.696410170113758 ], [ -99.159096832187032, 18.696426467060409 ], [ -99.159253875491132, 18.696457579413103 ], [ -99.159279061681389, 18.696779073724308 ], [ -99.159053867509456, 18.700862199630635 ], [ -99.157566400742425, 18.700571817672131 ], [ -99.157501212955822, 18.7014607420349 ], [ -99.156315980472129, 18.701223695538161 ], [ -99.15612338019352, 18.702154103037859 ], [ -99.156114490949903, 18.702468189646041 ], [ -99.156155974086829, 18.702634122193757 ], [ -99.156016709269991, 18.702720051548823 ], [ -99.15589522294043, 18.70272005154882 ], [ -99.155508540842618, 18.702912651827418 ], [ -99.155308532861014, 18.70297487653281 ], [ -99.155138155691475, 18.702982284235837 ], [ -99.155047781714586, 18.703124512133879 ], [ -99.154744065890654, 18.703231183057412 ], [ -99.154607764155031, 18.703288963140988 ], [ -99.155422685387336, 18.7043184111036 ], [ -99.155573080710369, 18.704384527378924 ], [ -99.155717700788458, 18.704500249251804 ], [ -99.156098995372318, 18.704638522005958 ], [ -99.156357078120934, 18.704543969222513 ], [ -99.157594950431829, 18.704544757636285 ], [ -99.157061657727198, 18.706469047684354 ], [ -99.157097706479775, 18.70656011964715 ], [ -99.157172999750514, 18.706588659292297 ], [ -99.157477180468916, 18.706558248766321 ], [ -99.157765215828292, 18.706391946285731 ], [ -99.157918433487268, 18.70632252724419 ], [ -99.158137274249853, 18.706290503679643 ], [ -99.158470839940207, 18.706215450631753 ], [ -99.158873222367092, 18.706024187945498 ], [ -99.159018835486236, 18.705864233407752 ], [ -99.159063477398007, 18.705770165780962 ], [ -99.159070003031303, 18.705684417678068 ], [ -99.159077378334018, 18.705101536275151 ], [ -99.159115449538405, 18.704867239043548 ], [ -99.159076067742262, 18.704708311827194 ], [ -99.159097285963682, 18.70460024353947 ], [ -99.159382922077683, 18.704320904883275 ], [ -99.159957429466402, 18.703834599853032 ], [ -99.160090223439013, 18.704063082462358 ], [ -99.161188985709472, 18.704481532564003 ], [ -99.16176551174334, 18.704582797805504 ], [ -99.162029250414761, 18.704786631255338 ], [ -99.16221020959442, 18.704979864235732 ], [ -99.16233690379859, 18.70504552679342 ], [ -99.16249181329168, 18.705351256707324 ], [ -99.162434217246314, 18.705384067230558 ], [ -99.162375329537568, 18.705364878693956 ], [ -99.162320901428629, 18.705359332839812 ], [ -99.162256078073341, 18.705511774775388 ], [ -99.162445069965287, 18.706003448780947 ], [ -99.162630960026377, 18.706187735418222 ], [ -99.16276155238657, 18.706294147082289 ], [ -99.162850788502865, 18.706336505357683 ], [ -99.163012547699083, 18.706312437645785 ], [ -99.163119477425894, 18.706187906241549 ], [ -99.163253301039177, 18.705910217358543 ], [ -99.163292542496393, 18.705847683504789 ], [ -99.163488895104422, 18.705756474300507 ], [ -99.16360389942389, 18.705699887936209 ], [ -99.164415610091183, 18.705895966414936 ], [ -99.164600886285854, 18.70588137922255 ], [ -99.165056590105664, 18.705862847367797 ], [ -99.16651904741542, 18.706012418023509 ], [ -99.166658843743051, 18.706132558142826 ], [ -99.166548716278427, 18.707097666762653 ], [ -99.166562117118247, 18.707595069239314 ], [ -99.166599390311546, 18.707627407858002 ], [ -99.167903938059268, 18.708302779226443 ], [ -99.166818504489612, 18.709412237374451 ], [ -99.165471327780949, 18.711248930129731 ], [ -99.165094012414642, 18.711603388737529 ], [ -99.163770257419273, 18.713223573610556 ], [ -99.163319884736438, 18.713441064451253 ], [ -99.163219336970116, 18.713714863976282 ], [ -99.163125227654319, 18.714363910901973 ], [ -99.163075562980964, 18.714471444907748 ], [ -99.162880280514699, 18.714738939188205 ], [ -99.163182278585651, 18.715042925326873 ] ] ] ] } },
{ "type": "Feature", "properties": { "Pol": 14, "Nom_Pol": "Tlaquiltenango", "layer": "14.-TLAQUITENANGO" }, "geometry": { "type": "MultiPolygon", "coordinates": [ [ [ [ -99.078956781509277, 18.606916536295127 ], [ -99.078158278761734, 18.604638145100676 ], [ -99.077909154519361, 18.602545541215353 ], [ -99.078127007924536, 18.600556914027262 ], [ -99.078168752534552, 18.599934110169649 ], [ -99.078282625848615, 18.599484427968022 ], [ -99.078050274945298, 18.598603239254093 ], [ -99.077915879142424, 18.598239113029567 ], [ -99.077106332959247, 18.596203419521892 ], [ -99.07669697138634, 18.594957278567851 ], [ -99.076316242289593, 18.5941455105412 ], [ -99.076212789375006, 18.593664494762663 ], [ -99.075878850193888, 18.592437897558241 ], [ -99.075048783222343, 18.590921481355032 ], [ -99.073862390129989, 18.586126465713416 ], [ -99.073927737948964, 18.585730077361969 ], [ -99.072166797631908, 18.585641576398636 ], [ -99.071445291640558, 18.583042742580993 ], [ -99.071726036399056, 18.581439502355597 ], [ -99.07176200648307, 18.580644888095804 ], [ -99.071990526464774, 18.580595111911162 ], [ -99.072529927754033, 18.580189881588982 ], [ -99.072612289210724, 18.579884204750847 ], [ -99.071954577437452, 18.579618345163492 ], [ -99.071358924385265, 18.579552519655433 ], [ -99.070539010887657, 18.579337720708576 ], [ -99.069612765325431, 18.579220259317218 ], [ -99.067466610174378, 18.57897959271887 ], [ -99.06827022499148, 18.576749410833568 ], [ -99.06867282504156, 18.576867970465429 ], [ -99.068696176510556, 18.576662819868133 ], [ -99.068693480993872, 18.576346450808572 ], [ -99.068751931849292, 18.575830187090073 ], [ -99.069121243076779, 18.575512032079313 ], [ -99.069287895980338, 18.575308545129815 ], [ -99.069376972600011, 18.57524249922017 ], [ -99.069659253583012, 18.575171180876545 ], [ -99.069902822844981, 18.575026806924186 ], [ -99.070031312067613, 18.575001068123644 ], [ -99.069964883535789, 18.574894711714727 ], [ -99.069830139520505, 18.574770078592685 ], [ -99.06957964638346, 18.574518922815997 ], [ -99.069131157774052, 18.573778137555014 ], [ -99.069217533354291, 18.573506434350541 ], [ -99.069548065412192, 18.573560323566912 ], [ -99.070495438888869, 18.573795685323091 ], [ -99.070491524934511, 18.57375719936233 ], [ -99.070590270973938, 18.573460883103834 ], [ -99.0704941422849, 18.573413822463579 ], [ -99.070406518837103, 18.573412115338588 ], [ -99.070345332663763, 18.573392848099903 ], [ -99.070553888950386, 18.572947292152364 ], [ -99.070904684300658, 18.572276308635146 ], [ -99.070324584235678, 18.57192835835853 ], [ -99.070326914227664, 18.571487823049747 ], [ -99.070180434515336, 18.571137023427777 ], [ -99.070149167257654, 18.571048298126829 ], [ -99.070249597651681, 18.571005067235582 ], [ -99.071141859966801, 18.571158012701975 ], [ -99.071471419847725, 18.571257066404268 ], [ -99.071608434855008, 18.571275550547139 ], [ -99.072194191470217, 18.571469967363786 ], [ -99.072642789164107, 18.571652674203957 ], [ -99.072707165504326, 18.571522883025821 ], [ -99.072729930507165, 18.571234124743189 ], [ -99.072792421816985, 18.5710817030565 ], [ -99.073331009190881, 18.571376869490795 ], [ -99.074631023417822, 18.569856748497418 ], [ -99.075297620005117, 18.569040523408972 ], [ -99.075771492509119, 18.569370571625086 ], [ -99.075865151592296, 18.569200680240957 ], [ -99.07608967881815, 18.568671833297707 ], [ -99.07615105466347, 18.568571354817927 ], [ -99.076424740250829, 18.568513413885903 ], [ -99.076733512893725, 18.568476488991408 ], [ -99.076904329772304, 18.568409769139244 ], [ -99.07733493157356, 18.568104086328834 ], [ -99.077305408773711, 18.568321542179895 ], [ -99.077117033241365, 18.56871101195604 ], [ -99.076968716087464, 18.568888878952571 ], [ -99.077328333271382, 18.568911685003826 ], [ -99.077470716858812, 18.569122315222071 ], [ -99.077461439007379, 18.569168452142858 ], [ -99.077395568915421, 18.569257546981156 ], [ -99.078476792240849, 18.569991392729872 ], [ -99.078602163329109, 18.570111316358897 ], [ -99.078628458336794, 18.570211239986669 ], [ -99.078852226442706, 18.570272071817683 ], [ -99.079126892733512, 18.570501086253294 ], [ -99.079034973376253, 18.570589675952178 ], [ -99.078487169760351, 18.570947312842485 ], [ -99.077983051912753, 18.571256090447882 ], [ -99.077552493198368, 18.571670227953049 ], [ -99.07750325722715, 18.572089516901908 ], [ -99.07732500921874, 18.572910571753475 ], [ -99.076802831051893, 18.573047439148354 ], [ -99.07595898838828, 18.573510023177942 ], [ -99.07474106111971, 18.574182227776827 ], [ -99.074407338193339, 18.574498828698474 ], [ -99.074162832391167, 18.574687249733358 ], [ -99.074180136463809, 18.574985826796389 ], [ -99.074141038394274, 18.575373682461017 ], [ -99.074068542131954, 18.575550764327584 ], [ -99.074056459794335, 18.575672536781635 ], [ -99.074009675696558, 18.575865934808839 ], [ -99.073984736845375, 18.575924193934668 ], [ -99.073859075145165, 18.576039237486999 ], [ -99.073675608670371, 18.576198344064828 ], [ -99.073843680115985, 18.576190712122454 ], [ -99.073650131460667, 18.576379167392101 ], [ -99.073871693737146, 18.576290033142943 ], [ -99.073766005984552, 18.576417367784604 ], [ -99.0739086207832, 18.576437741327268 ], [ -99.073888247240532, 18.576661850296578 ], [ -99.074417959349816, 18.576519235497926 ], [ -99.075314395227053, 18.57517458168207 ], [ -99.077355569532742, 18.573068466709117 ], [ -99.078562701935624, 18.571107513227666 ], [ -99.078659476263283, 18.570975085200349 ], [ -99.079535538597852, 18.570165236879436 ], [ -99.079226115418621, 18.569103265968067 ], [ -99.079796574613226, 18.567310394213596 ], [ -99.080652263405142, 18.566699187933665 ], [ -99.08114122842909, 18.567188152957609 ], [ -99.084849213194019, 18.56755487672557 ], [ -99.086845820375103, 18.568104962377511 ], [ -99.087477400197699, 18.567330767756264 ], [ -99.085684528443238, 18.565517522459128 ], [ -99.085277057589948, 18.564621086581891 ], [ -99.085521540101922, 18.56378577133265 ], [ -99.085623407815234, 18.563052323796729 ], [ -99.086519843692471, 18.562481864602127 ], [ -99.087232917685725, 18.562705973571436 ], [ -99.088760933385572, 18.56378577133265 ], [ -99.089463820607506, 18.564784074923217 ], [ -99.090309322628073, 18.565395281203148 ], [ -99.091531735187942, 18.565914806541091 ], [ -99.091776217699945, 18.56679086887566 ], [ -99.091511361645303, 18.568043841749521 ], [ -99.090737167024059, 18.56955148390669 ], [ -99.091063143706663, 18.570162690186621 ], [ -99.092265182723864, 18.570712775838565 ], [ -99.092896762546459, 18.570284931442611 ], [ -99.093630210082381, 18.56867542157212 ], [ -99.093548715911723, 18.566943670445642 ], [ -99.093161618601087, 18.56494706326453 ], [ -99.094017307393003, 18.564295109899266 ], [ -99.095015610983552, 18.563887639045976 ], [ -99.095830552690131, 18.564274736356602 ], [ -99.096788109195359, 18.565660137257783 ], [ -99.096788109195359, 18.567677117981564 ], [ -99.097949401127238, 18.567534503182912 ], [ -99.099334802028423, 18.566699187933668 ], [ -99.098682848663159, 18.562726347114101 ], [ -99.098927331175133, 18.561666922895551 ], [ -99.096869603366045, 18.558855374007855 ], [ -99.098132763011265, 18.556593910772101 ], [ -99.10419177074624, 18.549033640699356 ], [ -99.102959128963292, 18.540642194715307 ], [ -99.103622859154115, 18.540737013313997 ], [ -99.106562235713511, 18.540025873823822 ], [ -99.108126742591892, 18.541353334205482 ], [ -99.109074928578792, 18.542064473695657 ], [ -99.107984514693854, 18.545240896751768 ], [ -99.109217156476831, 18.545288306051113 ], [ -99.109643840170932, 18.546568357133424 ], [ -99.110307570361755, 18.546615766432769 ], [ -99.110781663355212, 18.546900222228839 ], [ -99.110829072654553, 18.547943226814429 ], [ -99.110971300552578, 18.548393615158204 ], [ -99.110141637814039, 18.549744780189535 ], [ -99.110639435457159, 18.551546333564641 ], [ -99.110971300552563, 18.552589338150231 ], [ -99.102095223609183, 18.560237443802027 ], [ -99.102249491976025, 18.560467430571194 ], [ -99.103044060139936, 18.561078636851128 ], [ -99.103940496017174, 18.561343492905763 ], [ -99.104816558351743, 18.561608348960402 ], [ -99.10612046508227, 18.56022294805922 ], [ -99.106446441764902, 18.560385936400536 ], [ -99.106731671362198, 18.560263695144549 ], [ -99.106976153874186, 18.560548924741848 ], [ -99.107831842666087, 18.561119383936454 ], [ -99.109420978993924, 18.561323119363099 ], [ -99.110276667785826, 18.562667773178951 ], [ -99.110235920700489, 18.563401220714869 ], [ -99.111458333260359, 18.564664380360067 ], [ -99.111662068687011, 18.567761158845062 ], [ -99.113016909274208, 18.567175419493456 ], [ -99.11316971084419, 18.567139765793794 ], [ -99.113490594141155, 18.567027711309141 ], [ -99.11393881207978, 18.56701243115214 ], [ -99.114387030018392, 18.567073551780133 ], [ -99.114916742127676, 18.567282380592445 ], [ -99.115232532038974, 18.567379154920101 ], [ -99.115736777219894, 18.56713467240813 ], [ -99.116220648858189, 18.567346047913269 ], [ -99.116658680025481, 18.568318884575497 ], [ -99.117010123636433, 18.56895555778376 ], [ -99.117320820162078, 18.569811246575668 ], [ -99.117427781261057, 18.570188157114959 ], [ -99.117356473861761, 18.570473386712273 ], [ -99.117122178121093, 18.570753522923908 ], [ -99.117274979691103, 18.57119664747686 ], [ -99.117799598414692, 18.57190462808445 ], [ -99.118028800769679, 18.57220513783875 ], [ -99.11847701870829, 18.572413966651059 ], [ -99.119062758059897, 18.57313722741565 ], [ -99.119266493486535, 18.573631285825261 ], [ -99.119541536312497, 18.57408969053521 ], [ -99.119821672524139, 18.574690710043814 ], [ -99.119882793152129, 18.574940285941452 ], [ -99.119842046066793, 18.575179675067762 ], [ -99.120025407950777, 18.575363036951742 ], [ -99.120173116135092, 18.575602426078046 ], [ -99.120341197862132, 18.576106671258998 ], [ -99.120641707616414, 18.576778998166922 ], [ -99.120702828244404, 18.577191562405876 ], [ -99.121084832169387, 18.578857099518693 ], [ -99.121492303022677, 18.579672041225269 ], [ -99.122347991814578, 18.580853706699809 ], [ -99.122510980155894, 18.581913130918359 ], [ -99.123320828476849, 18.583838430700155 ], [ -99.123341202019517, 18.584189874311114 ], [ -99.123427789575814, 18.584256088324775 ], [ -99.12359077791713, 18.584429263437425 ], [ -99.123718112558777, 18.584653372406734 ], [ -99.123723205944444, 18.584826547519381 ], [ -99.123814886886436, 18.584994629246363 ], [ -99.124100116483746, 18.585218738215673 ], [ -99.124254205212225, 18.585373968087922 ], [ -99.124432851620554, 18.585554043667514 ], [ -99.124527176924147, 18.585691244109107 ], [ -99.124565764548336, 18.5858155820093 ], [ -99.124608639686329, 18.585969932506092 ], [ -99.124612927200133, 18.586059970295885 ], [ -99.124661161730387, 18.586136073665831 ], [ -99.124712611895987, 18.586200386372827 ], [ -99.12480693719958, 18.58628613664882 ], [ -99.124871249906576, 18.586384749466216 ], [ -99.124830518525428, 18.586667725376991 ], [ -99.124890543718621, 18.586847800956583 ], [ -99.125156369574213, 18.586959276315376 ], [ -99.125293570015785, 18.587102908027671 ], [ -99.125362170236599, 18.587319427474558 ], [ -99.125362170236656, 18.587598115871533 ], [ -99.125310720071042, 18.587958267030714 ], [ -99.125688021285441, 18.588112617527507 ], [ -99.125928122058227, 18.588592819073082 ], [ -99.126322573327798, 18.588987270342663 ], [ -99.126888525149369, 18.590033423709812 ], [ -99.125293570015828, 18.591851329560914 ], [ -99.119942752793705, 18.595212740379942 ], [ -99.116238340870694, 18.59720214678304 ], [ -99.110956123869357, 18.598985752523749 ], [ -99.109789920115816, 18.600426357160476 ], [ -99.107114511504761, 18.600632157822865 ], [ -99.104576303335293, 18.601866961797203 ], [ -99.099191186002784, 18.601318160030836 ], [ -99.095435323914202, 18.600632157822872 ], [ -99.093977569222275, 18.600786508319665 ], [ -99.089467104704909, 18.600906558706058 ], [ -99.087752099184996, 18.602004162238803 ], [ -99.086139993996284, 18.603616267427519 ], [ -99.081440878871717, 18.603959268531501 ], [ -99.079161192937065, 18.603892789881716 ], [ -99.079493206252295, 18.603991876455805 ], [ -99.079530917930754, 18.604112361500583 ], [ -99.079752098991094, 18.604518844913482 ], [ -99.079866821968636, 18.604695052960505 ], [ -99.079181491655035, 18.60493932647281 ], [ -99.07904116991125, 18.605295859993305 ], [ -99.078928452301327, 18.605691341054019 ], [ -99.078936576301018, 18.605754764585789 ], [ -99.078912121021958, 18.60590115653363 ], [ -99.078991602035472, 18.606063124138426 ], [ -99.079244991921271, 18.6067368551352 ], [ -99.078956781509277, 18.606916536295127 ] ] ] ] } },
{ "type": "Feature", "properties": { "Pol": 15, "Nom_Pol": "Tlayacapan", "layer": "15.- TLAYACAPAN" }, "geometry": { "type": "MultiPolygon", "coordinates": [ [ [ [ -98.974544513639955, 18.961143758916833 ], [ -98.974291091282197, 18.961090920667949 ], [ -98.974162233068213, 18.960963034314521 ], [ -98.974176397262113, 18.96074851972838 ], [ -98.974254990299016, 18.960597948340201 ], [ -98.974445024683277, 18.960512263773591 ], [ -98.97475860061202, 18.959945761619068 ], [ -98.974761179316985, 18.959829464100782 ], [ -98.974587094881215, 18.95962012100966 ], [ -98.974433126088286, 18.95892788498665 ], [ -98.973614841940574, 18.958499759009701 ], [ -98.973588420725946, 18.95841867909342 ], [ -98.973024675155571, 18.958389457932235 ], [ -98.972872644829806, 18.958300789405833 ], [ -98.972962637830108, 18.957824045989518 ], [ -98.972579423289446, 18.957199270360643 ], [ -98.970264646555634, 18.956535676937328 ], [ -98.970269398438418, 18.95632168425211 ], [ -98.970094523070998, 18.955852212179089 ], [ -98.97020175936315, 18.955791400937322 ], [ -98.969984588547192, 18.954842529424507 ], [ -98.970282815657939, 18.954180818400364 ], [ -98.970198721295731, 18.953653192765742 ], [ -98.970118932306917, 18.953595488985968 ], [ -98.970026433454507, 18.953446367607171 ], [ -98.969914792221871, 18.953163624555838 ], [ -98.97001164918909, 18.953116484649833 ], [ -98.970263000063781, 18.952749877478563 ], [ -98.970352645561434, 18.952695579956032 ], [ -98.970778855040848, 18.951773625495797 ], [ -98.970443255682085, 18.951440521414341 ], [ -98.968380262158647, 18.950637534554343 ], [ -98.969054617714278, 18.949958909356997 ], [ -98.970279037864628, 18.949705205948462 ], [ -98.97037123554594, 18.949212262492139 ], [ -98.97091206307941, 18.949006660178075 ], [ -98.970215671859492, 18.94670423043031 ], [ -98.968497448033631, 18.947220126408077 ], [ -98.967126784001309, 18.947615682904981 ], [ -98.966232503807177, 18.94783569643911 ], [ -98.964169652829753, 18.948111507204555 ], [ -98.962122684102283, 18.947673569717352 ], [ -98.959783195299622, 18.947890851951964 ], [ -98.956030919744506, 18.94541513041521 ], [ -98.954070176117142, 18.943113639051948 ], [ -98.953573159098141, 18.942937794587774 ], [ -98.951332193015304, 18.941856239328544 ], [ -98.950983843156919, 18.942148234581325 ], [ -98.950813316682442, 18.942084503424311 ], [ -98.949819417953066, 18.942012720674438 ], [ -98.948967368140245, 18.941668233507254 ], [ -98.948880625270576, 18.941737542112385 ], [ -98.948184869541819, 18.941553419989383 ], [ -98.94760756192818, 18.940734067043635 ], [ -98.947212029129162, 18.940442665449758 ], [ -98.946886481510546, 18.940351053408428 ], [ -98.946380437009822, 18.93967483513536 ], [ -98.945855075596256, 18.939196596498302 ], [ -98.946009303464848, 18.938958841432651 ], [ -98.946266314022623, 18.937635600682569 ], [ -98.946092101860216, 18.937350878069129 ], [ -98.94618043847457, 18.937071476108542 ], [ -98.946290076112376, 18.936573801020963 ], [ -98.944727380104624, 18.93597974231697 ], [ -98.944916969897506, 18.935577420343723 ], [ -98.943092796757469, 18.934931178539955 ], [ -98.943551578187879, 18.934237506308882 ], [ -98.943830529611802, 18.934243163951571 ], [ -98.944262056568164, 18.934033210892146 ], [ -98.944301168230822, 18.933752812979737 ], [ -98.945125476803568, 18.932863466747392 ], [ -98.945786370020613, 18.932673781166208 ], [ -98.945857247107199, 18.932440892298278 ], [ -98.94625527836223, 18.930793061541291 ], [ -98.94694933721641, 18.92985420477229 ], [ -98.947360944139064, 18.929800057124641 ], [ -98.947961424431782, 18.929374814837519 ], [ -98.948098627741629, 18.929112026124184 ], [ -98.948358716287188, 18.929226644863448 ], [ -98.94624266940825, 18.932823624062344 ], [ -98.947977253354011, 18.935671381328582 ], [ -98.948244176195274, 18.936673675290603 ], [ -98.948560333170093, 18.936812996059054 ], [ -98.948877551422001, 18.937351093383132 ], [ -98.948967306620276, 18.937352910630821 ], [ -98.949001256550574, 18.937173208476946 ], [ -98.94929598367294, 18.936932326562712 ], [ -98.949325052205765, 18.936524665374058 ], [ -98.949553786920305, 18.936111552133177 ], [ -98.949483339855917, 18.935692382692235 ], [ -98.94960279580107, 18.934811843940988 ], [ -98.949694246408427, 18.934737741870443 ], [ -98.949803942427693, 18.934293737200655 ], [ -98.949977294289098, 18.934126351313335 ], [ -98.949950982543001, 18.933964418295258 ], [ -98.949795876316998, 18.933761901817793 ], [ -98.949598759073012, 18.933653476214324 ], [ -98.949744314098496, 18.933390586678001 ], [ -98.949954585301072, 18.93335686623946 ], [ -98.950343513190148, 18.933364737774276 ], [ -98.950467641811031, 18.933614097384158 ], [ -98.950701044783884, 18.933884656487756 ], [ -98.950793136266569, 18.934228309140124 ], [ -98.950721419695043, 18.934312305279906 ], [ -98.950486103124021, 18.934597021511138 ], [ -98.950386884271452, 18.934784896660091 ], [ -98.950332527980194, 18.935091226409583 ], [ -98.95066838793052, 18.935369284707043 ], [ -98.951289377666441, 18.935219092384969 ], [ -98.952331719508948, 18.935773657992208 ], [ -98.952137937793509, 18.936366514931962 ], [ -98.952228273269313, 18.936576309537276 ], [ -98.952347920555241, 18.937175506092437 ], [ -98.952412992847087, 18.937240116630175 ], [ -98.952276600790185, 18.937816051327136 ], [ -98.952398469816615, 18.938315830711449 ], [ -98.952410007724694, 18.939075599840308 ], [ -98.952387792515594, 18.939644802898012 ], [ -98.952714775289763, 18.939895552082753 ], [ -98.953087622479217, 18.939794585788274 ], [ -98.964251839732086, 18.946462415538537 ], [ -98.965206319938773, 18.947128154459723 ], [ -98.965975104347947, 18.947170760352758 ], [ -98.966184147508358, 18.946957956648067 ], [ -98.967010184311931, 18.945921171426239 ], [ -98.96816976982339, 18.944199370394479 ], [ -98.967815558666587, 18.943889332449292 ], [ -98.966126253062242, 18.943792038361778 ], [ -98.966696457107034, 18.943789953277751 ], [ -98.967815759511936, 18.943880294358806 ], [ -98.967983617524197, 18.944023824701336 ], [ -98.96818836499753, 18.94421782876276 ], [ -98.968689850892744, 18.943459335770939 ], [ -98.968058682550705, 18.943211543405265 ], [ -98.968768402211893, 18.941634408559391 ], [ -98.966858929224941, 18.941397062124498 ], [ -98.966416732944012, 18.941198277141289 ], [ -98.965232021100817, 18.940631898038571 ], [ -98.964243361208034, 18.940223174954006 ], [ -98.96303564756613, 18.939837157379152 ], [ -98.962805713813509, 18.940241678175049 ], [ -98.963291638221278, 18.93932917755442 ], [ -98.964698003824765, 18.93975536257928 ], [ -98.964746499507854, 18.939711128916297 ], [ -98.966610189945527, 18.940083211939573 ], [ -98.966633058597978, 18.940336850810962 ], [ -98.967000271662585, 18.940488915404281 ], [ -98.967768215857021, 18.940567663998468 ], [ -98.968115571605608, 18.9403305163395 ], [ -98.968407001907622, 18.940472010692584 ], [ -98.968896426764914, 18.940255803407563 ], [ -98.969350129139912, 18.940364391366128 ], [ -98.969464170643036, 18.940791663085612 ], [ -98.969520621458912, 18.941244903122758 ], [ -98.969879345493865, 18.941351579551764 ], [ -98.971144269092719, 18.939161697192702 ], [ -98.972973008207944, 18.940681342937381 ], [ -98.974230217114638, 18.939693877763393 ], [ -98.975960694493878, 18.941790208473854 ], [ -98.976054232778196, 18.941642890868252 ], [ -98.976000906809134, 18.941262052915778 ], [ -98.97610506017979, 18.94063571782938 ], [ -98.976001297348361, 18.940172489579076 ], [ -98.975994403086659, 18.940054804226566 ], [ -98.976314635806688, 18.940183297936677 ], [ -98.976534637905402, 18.940332385272978 ], [ -98.976700698456071, 18.940557247834455 ], [ -98.977380117747487, 18.94055731364525 ], [ -98.97759352623514, 18.940575157039468 ], [ -98.977611221326995, 18.940634285457783 ], [ -98.977895911298432, 18.940866046954671 ], [ -98.977996287970498, 18.941053422604785 ], [ -98.978184150412474, 18.94115213164709 ], [ -98.978338923799114, 18.941028645887215 ], [ -98.978615945706935, 18.941070368538451 ], [ -98.978871623572346, 18.941003157773007 ], [ -98.979195389260099, 18.940864974784425 ], [ -98.97938120422458, 18.940841573148834 ], [ -98.979581016331466, 18.940829754429629 ], [ -98.979882783906362, 18.940826760308333 ], [ -98.97991695367395, 18.940678250779275 ], [ -98.979996839772454, 18.940503531206296 ], [ -98.980038184611217, 18.94013815573528 ], [ -98.980423247158882, 18.94007466551756 ], [ -98.98109620281673, 18.940098320546198 ], [ -98.981284879329934, 18.940750868964482 ], [ -98.982248952707437, 18.941629175453588 ], [ -98.981627169879332, 18.942245148297999 ], [ -98.982019377142507, 18.942664418702343 ], [ -98.982102516431127, 18.943201828183369 ], [ -98.982154059448916, 18.943449257754132 ], [ -98.982245245312853, 18.943622883818286 ], [ -98.982382947972042, 18.943734146536109 ], [ -98.98263128154737, 18.943784329473146 ], [ -98.98286156778066, 18.943791200656268 ], [ -98.983196386407329, 18.943797903569585 ], [ -98.982974002784999, 18.944078278163985 ], [ -98.982688658023193, 18.944734900453991 ], [ -98.98216116753899, 18.944631656538412 ], [ -98.981665277561461, 18.945677393829332 ], [ -98.981622835763346, 18.946092482043795 ], [ -98.981027476118541, 18.946157414839252 ], [ -98.98093998926295, 18.946246083636616 ], [ -98.980649082943501, 18.946294508449803 ], [ -98.980450112979369, 18.946267916594149 ], [ -98.98044831286947, 18.946349259808926 ], [ -98.98040821841245, 18.946443398964085 ], [ -98.980330629599464, 18.946514181484098 ], [ -98.980048169241016, 18.946824996677666 ], [ -98.979838839966206, 18.947910381517211 ], [ -98.979715457123831, 18.947903387767727 ], [ -98.979507691556066, 18.947415468273189 ], [ -98.979104752550796, 18.947158732567946 ], [ -98.978688017437022, 18.946881374414186 ], [ -98.978291177496743, 18.94677847546631 ], [ -98.978390549825718, 18.947440545181301 ], [ -98.978461408215978, 18.947781046868013 ], [ -98.97858868177137, 18.948256051665219 ], [ -98.978711934186734, 18.948590822347057 ], [ -98.980443037195585, 18.951955302605789 ], [ -98.981005775230543, 18.953151106335021 ], [ -98.981015124177787, 18.953372828030293 ], [ -98.981011824420321, 18.953521958614967 ], [ -98.979793677603581, 18.957785839131155 ], [ -98.979696730946216, 18.958086812610528 ], [ -98.979427541231743, 18.958655602709364 ], [ -98.979227199803773, 18.958904771428415 ], [ -98.979004509870606, 18.959090195978817 ], [ -98.978596379470687, 18.959280945123972 ], [ -98.976826688056008, 18.961435283376197 ], [ -98.975356999776309, 18.963331655349997 ], [ -98.973223581305788, 18.967740720189077 ], [ -98.97194353022347, 18.969162999169427 ], [ -98.971706483726749, 18.970869733945843 ], [ -98.970379023345089, 18.972054966429468 ], [ -98.968767107167366, 18.974567659294749 ], [ -98.967510760734712, 18.975729187128696 ], [ -98.966823325894211, 18.97670107776527 ], [ -98.966159595703374, 18.977246284707736 ], [ -98.965261782097031, 18.978775234611607 ], [ -98.965709207359609, 18.979628601999817 ], [ -98.967196674126555, 18.98004343336909 ], [ -98.967297418887668, 18.980167882779867 ], [ -98.967196674126555, 18.981193108878202 ], [ -98.967309271212514, 18.98162571873473 ], [ -98.967741881069031, 18.981483490836695 ], [ -98.968032263027524, 18.981856839069035 ], [ -98.96788410896707, 18.982164999514779 ], [ -98.967558170034067, 18.982295375087975 ], [ -98.966929996817754, 18.982360562874575 ], [ -98.966698876483449, 18.982496864610191 ], [ -98.966387752956479, 18.982322042818854 ], [ -98.965688465791132, 18.982105737890592 ], [ -98.965172889660764, 18.981809429769687 ], [ -98.964414340871244, 18.981329410613817 ], [ -98.963815798467024, 18.981015324005657 ], [ -98.963448376397082, 18.980831612970693 ], [ -98.962755015394166, 18.980553083337039 ], [ -98.974544513639955, 18.961143758916833 ] ] ] ] } },
{ "type": "Feature", "properties": { "Pol": 16, "Nom_Pol": "Xochitepec", "layer": "16.- XOCHITEPEC" }, "geometry": { "type": "MultiPolygon", "coordinates": [ [ [ [ -99.268079871934418, 18.811723064497873 ], [ -99.26709416933106, 18.812617862667409 ], [ -99.265114150385756, 18.813897256277503 ], [ -99.264684513015339, 18.813298891258839 ], [ -99.264210215554968, 18.813522920598189 ], [ -99.263467396489915, 18.813079924364185 ], [ -99.262948931919624, 18.812694690031876 ], [ -99.262748746318024, 18.812368927206414 ], [ -99.262668445526444, 18.811687428160113 ], [ -99.262007238483932, 18.810923785492438 ], [ -99.261120976436601, 18.810138151589424 ], [ -99.261056599770569, 18.809600108877863 ], [ -99.260686640765428, 18.80930704779507 ], [ -99.260540667199137, 18.809089643719567 ], [ -99.260543538038661, 18.808946530286033 ], [ -99.260091623003632, 18.808991995316756 ], [ -99.259777304489887, 18.808735735961712 ], [ -99.259423263429213, 18.808586127268232 ], [ -99.259131681361751, 18.808133427842257 ], [ -99.254482927056472, 18.809426710192543 ], [ -99.254660707331993, 18.809931032122389 ], [ -99.254713551048141, 18.811041532387701 ], [ -99.254484532075239, 18.811216314708727 ], [ -99.254046636266466, 18.810564082583326 ], [ -99.250530992351116, 18.811573679192144 ], [ -99.250156727932165, 18.81149526201548 ], [ -99.24980706480487, 18.81206154190064 ], [ -99.249024567649343, 18.811725124399633 ], [ -99.248883655502013, 18.811257259443099 ], [ -99.248933478904831, 18.810649713148237 ], [ -99.248627150036612, 18.810930448855114 ], [ -99.248314331587537, 18.811533189731186 ], [ -99.247289981298636, 18.811998486545434 ], [ -99.245950668591888, 18.812734071455612 ], [ -99.246187715088624, 18.812977044114767 ], [ -99.246815888304994, 18.813628921980801 ], [ -99.246092896489955, 18.813587438843872 ], [ -99.245867702318051, 18.814183018166929 ], [ -99.245438055542721, 18.814248205953533 ], [ -99.24534916310644, 18.814307467577716 ], [ -99.245439537083328, 18.814677852728874 ], [ -99.245466204814193, 18.814698594297337 ], [ -99.245420277055445, 18.814762300543332 ], [ -99.245386201621542, 18.815236393536811 ], [ -99.245441018623907, 18.815237875077411 ], [ -99.245562504953497, 18.815629001797031 ], [ -99.245601025009222, 18.81565418798731 ], [ -99.245735845204237, 18.815637891040659 ], [ -99.245863257696229, 18.815578629416475 ], [ -99.24606771029967, 18.815959385351864 ], [ -99.24610919343661, 18.816000868488793 ], [ -99.246411427719963, 18.815867529834378 ], [ -99.246571434105263, 18.815743080423591 ], [ -99.24674032973418, 18.81600975773242 ], [ -99.246793665195952, 18.816356438233903 ], [ -99.246944782337621, 18.816522370781623 ], [ -99.24705145326115, 18.816578669324599 ], [ -99.247389244519013, 18.81660237397427 ], [ -99.247658884909058, 18.816516444619204 ], [ -99.247810002050727, 18.816569780080968 ], [ -99.248014454654154, 18.81657274316218 ], [ -99.247821854375559, 18.816854235877056 ], [ -99.247907783730611, 18.817426110550443 ], [ -99.248572995462098, 18.817589080016948 ], [ -99.248624849383262, 18.817777235673734 ], [ -99.248183350283085, 18.817879461975455 ], [ -99.2481863133643, 18.817968354411732 ], [ -99.248263353475735, 18.818045394523171 ], [ -99.248278168881782, 18.818101693066147 ], [ -99.248201128770333, 18.818248365586005 ], [ -99.248343356668386, 18.81865727079288 ], [ -99.248349282830802, 18.818755052472785 ], [ -99.248227796501226, 18.818790609447294 ], [ -99.24833150434354, 18.818974320482265 ], [ -99.24843373064526, 18.819058768296728 ], [ -99.248544846190612, 18.819075065243378 ], [ -99.248587810868145, 18.819163957679656 ], [ -99.248770040362501, 18.819086917568217 ], [ -99.248863377420605, 18.819236553169283 ], [ -99.248876711286044, 18.819267665521981 ], [ -99.248808560418226, 18.81933137176798 ], [ -99.248897452854507, 18.819651384538577 ], [ -99.248758188037698, 18.81975064775909 ], [ -99.248913749801176, 18.82027955775494 ], [ -99.248919675963592, 18.820313633188846 ], [ -99.248919675963592, 18.820383265597265 ], [ -99.249060422321065, 18.820364005569399 ], [ -99.249291542655385, 18.820355116325771 ], [ -99.24951377374606, 18.820199554562286 ], [ -99.249586369235686, 18.820246223091331 ], [ -99.2496226669805, 18.82026548311919 ], [ -99.249660446265921, 18.820290669309468 ], [ -99.249677483982879, 18.820306225485819 ], [ -99.249701929402846, 18.820334374757305 ], [ -99.249713781727692, 18.820355857096072 ], [ -99.249718967119804, 18.820381043286353 ], [ -99.249712300187085, 18.820412896409351 ], [ -99.249698225551342, 18.820446971843257 ], [ -99.249676743212575, 18.820477343425651 ], [ -99.24965155702229, 18.820505492697137 ], [ -99.2496226669805, 18.820535864279535 ], [ -99.249578961532663, 18.820561791240113 ], [ -99.249538959936345, 18.820567717402533 ], [ -99.249393768957091, 18.820638831351552 ], [ -99.249285616492955, 18.820668462163646 ], [ -99.249130054729534, 18.820749946896907 ], [ -99.249097460836239, 18.820788466952624 ], [ -99.249081163889585, 18.820826987008346 ], [ -99.249073756186561, 18.820849210117416 ], [ -99.248996716075155, 18.820819579305326 ], [ -99.248407062914524, 18.820828468548953 ], [ -99.24784111440357, 18.820778096168397 ], [ -99.247503323145679, 18.820798837736866 ], [ -99.24739665222215, 18.820846247036211 ], [ -99.246667734244681, 18.821083293532951 ], [ -99.24532842153809, 18.821616648150613 ], [ -99.244706174484151, 18.821065515045696 ], [ -99.243983182669098, 18.820265483119201 ], [ -99.243366861777574, 18.819465451192709 ], [ -99.243100184468744, 18.819127659934857 ], [ -99.242821654835069, 18.818795794839421 ], [ -99.242454232765127, 18.818309849521107 ], [ -99.242264595567732, 18.818220957084833 ], [ -99.241903099660206, 18.817960205938419 ], [ -99.241683831650718, 18.817883165826977 ], [ -99.241067510759194, 18.817746864091355 ], [ -99.240818611937627, 18.8177290856041 ], [ -99.239414111444447, 18.817770568741025 ], [ -99.239188917272543, 18.817314254234805 ], [ -99.23982894281373, 18.817266844935457 ], [ -99.240220069533351, 18.817290549585131 ], [ -99.240273404995122, 18.817243140285782 ], [ -99.238762233578441, 18.814920084617736 ], [ -99.238185420436309, 18.813954860913817 ], [ -99.237347856147835, 18.812706416030991 ], [ -99.237063400351758, 18.812232323037509 ], [ -99.23690536935392, 18.811876753292402 ], [ -99.236652519757399, 18.811939965691533 ], [ -99.236486587209683, 18.811623903695882 ], [ -99.236138919014465, 18.811173515352078 ], [ -99.236107312814909, 18.810817945606971 ], [ -99.235159126827952, 18.81095227195512 ], [ -99.235406050262057, 18.810462375861867 ], [ -99.235487041148417, 18.810158166191052 ], [ -99.235467287273693, 18.809763088696489 ], [ -99.23542382874929, 18.809557648399313 ], [ -99.235396173324673, 18.809395666626543 ], [ -99.235344813250379, 18.809263315665863 ], [ -99.23516702837783, 18.808882065883608 ], [ -99.235121594465951, 18.808779345735019 ], [ -99.234993194280221, 18.808631191674557 ], [ -99.23490430184394, 18.808524520751025 ], [ -99.23468305844699, 18.808299326579125 ], [ -99.234641575310079, 18.808265744992088 ], [ -99.23427217785266, 18.807765971961462 ], [ -99.234179334641439, 18.80756053166429 ], [ -99.234049946761985, 18.80720101114424 ], [ -99.234019328256153, 18.80712100795159 ], [ -99.233983771281629, 18.806936309222873 ], [ -99.233967968181844, 18.806681484238883 ], [ -99.234023279031078, 18.806298259069163 ], [ -99.234066737555509, 18.805883427699868 ], [ -99.234104269917481, 18.80566811046533 ], [ -99.234179334641453, 18.805395506994085 ], [ -99.234337365639234, 18.805168337434704 ], [ -99.234554658261246, 18.80498265101226 ], [ -99.234854917157108, 18.80484832466411 ], [ -99.235242093101775, 18.804796964589819 ], [ -99.235633219821395, 18.804749555290471 ], [ -99.236107312814866, 18.804698195216176 ], [ -99.236470784109869, 18.804575721192862 ], [ -99.236605110458015, 18.804480902594168 ], [ -99.237312299173283, 18.804872029313785 ], [ -99.237203652862263, 18.805002404886991 ], [ -99.237203652862263, 18.805194017471855 ], [ -99.237241185224249, 18.805235500608777 ], [ -99.237460453233723, 18.805296737620434 ], [ -99.237685647405627, 18.805259205258452 ], [ -99.237863432278175, 18.805273032970764 ], [ -99.237897013865222, 18.805249328321093 ], [ -99.238100478774896, 18.805760953676543 ], [ -99.238732602766191, 18.806432585417301 ], [ -99.239080270961409, 18.806961989260014 ], [ -99.239143483360536, 18.80758621170142 ], [ -99.240233897245517, 18.808581806987711 ], [ -99.240115373997142, 18.809379863526726 ], [ -99.242035450620691, 18.809514189874875 ], [ -99.243260190853832, 18.810059396817373 ], [ -99.244704199096546, 18.811457971148169 ], [ -99.246608472620508, 18.810392496530028 ], [ -99.247949403147317, 18.810059066937612 ], [ -99.247918682755213, 18.809718486086815 ], [ -99.248038963167488, 18.809344873563283 ], [ -99.247806941164129, 18.806871024180001 ], [ -99.248493957707794, 18.8054161344755 ], [ -99.247412376758902, 18.804537376135304 ], [ -99.248528897026674, 18.803215610864658 ], [ -99.249875434113434, 18.80073483025981 ], [ -99.250238255281104, 18.800213538235369 ], [ -99.250121937727769, 18.80015772744494 ], [ -99.250059166483211, 18.800008942996918 ], [ -99.250086518233417, 18.799817065683751 ], [ -99.250162179673382, 18.799558962502545 ], [ -99.250209935597979, 18.799286928136809 ], [ -99.25004050998416, 18.799069087946005 ], [ -99.24927876177297, 18.79863910373324 ], [ -99.249018135192969, 18.798518021600447 ], [ -99.248517778891483, 18.798054781277475 ], [ -99.248383351065414, 18.797848763696027 ], [ -99.248495820754485, 18.797745683058718 ], [ -99.248553742213375, 18.797552128244476 ], [ -99.249137370927457, 18.797379363411274 ], [ -99.249686203718369, 18.797534789907395 ], [ -99.251903873195687, 18.798447685185028 ], [ -99.254370898864579, 18.797240008171169 ], [ -99.254411799221685, 18.7961401847916 ], [ -99.254369876150733, 18.795888884485915 ], [ -99.254174950614839, 18.795303729144049 ], [ -99.25467050138937, 18.79495485735038 ], [ -99.254990711114829, 18.794915956893668 ], [ -99.255101970914595, 18.794989566774621 ], [ -99.255361877161135, 18.795146415502536 ], [ -99.255714441133776, 18.795367586504071 ], [ -99.256031776252101, 18.795471794605451 ], [ -99.256357377311289, 18.795164558503949 ], [ -99.256573333379649, 18.794703213361075 ], [ -99.256710203898805, 18.794437276443702 ], [ -99.256022912346765, 18.792639691054283 ], [ -99.256389533905605, 18.792628476658994 ], [ -99.256417659734083, 18.792163710621793 ], [ -99.256383328708623, 18.792002027161001 ], [ -99.256293548479178, 18.791794595025092 ], [ -99.256185704749896, 18.79155104309379 ], [ -99.256180626049357, 18.791336206864599 ], [ -99.256238411030182, 18.791265678673994 ], [ -99.257306267533693, 18.790954071368873 ], [ -99.258122944968846, 18.790986840926553 ], [ -99.258383261038546, 18.791591073643492 ], [ -99.258249737469711, 18.792626570699525 ], [ -99.259467198055049, 18.794223525413809 ], [ -99.26030196559681, 18.795697190244955 ], [ -99.26045456925857, 18.796988436469601 ], [ -99.261839824117004, 18.798185784965867 ], [ -99.26222537947821, 18.799105464291362 ], [ -99.261991010537002, 18.799548589680118 ], [ -99.261600206849295, 18.799827810665171 ], [ -99.261294531186834, 18.800547018943728 ], [ -99.262053279456993, 18.80112899991888 ], [ -99.263546238077154, 18.801174034815581 ], [ -99.264085273534889, 18.80170280003756 ], [ -99.264100607269398, 18.803282360629169 ], [ -99.264669057042937, 18.804688543194072 ], [ -99.265287407205861, 18.805245590385159 ], [ -99.265623457486015, 18.80582435276677 ], [ -99.265766650388429, 18.806650151926082 ], [ -99.266552561293182, 18.806816533340374 ], [ -99.267061715908213, 18.806727348994087 ], [ -99.267128715104491, 18.806665930237891 ], [ -99.267446443126076, 18.806752226682491 ], [ -99.267558335637474, 18.808203805179836 ], [ -99.267524875325535, 18.80893692091114 ], [ -99.267923780786674, 18.810366867469511 ], [ -99.268079871934418, 18.811723064497873 ] ] ] ] } },
{ "type": "Feature", "properties": { "Pol": 17, "Nom_Pol": "Yautepec", "layer": "17.- YAUTEPEC" }, "geometry": { "type": "MultiPolygon", "coordinates": [ [ [ [ -99.105078605046245, 18.846790507133427 ], [ -99.105133012011706, 18.847107295023353 ], [ -99.105328575371516, 18.847495458661761 ], [ -99.105435246295059, 18.847747320564547 ], [ -99.105701923603888, 18.848159188852634 ], [ -99.106383432282001, 18.849439239935016 ], [ -99.106703445052602, 18.850405204409231 ], [ -99.1069582700366, 18.851234867147816 ], [ -99.107041236310451, 18.851578584568088 ], [ -99.107497550816674, 18.85185859574236 ], [ -99.107504958519698, 18.851935635853799 ], [ -99.107405695299178, 18.852144533079052 ], [ -99.107256059698116, 18.852328244114023 ], [ -99.108545000024137, 18.852633441478574 ], [ -99.109339105788209, 18.85263936764099 ], [ -99.109469481361415, 18.852852709488054 ], [ -99.109753937157507, 18.853741633850824 ], [ -99.110056171440846, 18.854778712274062 ], [ -99.110085802252939, 18.855626153499902 ], [ -99.110124322308678, 18.855886904646315 ], [ -99.110186547014067, 18.856264697500492 ], [ -99.110072468387528, 18.856301736015606 ], [ -99.109964315923364, 18.856347663774351 ], [ -99.109916906624022, 18.856375813045837 ], [ -99.108442773722459, 18.857334369817032 ], [ -99.10860574318896, 18.857891429084368 ], [ -99.108745008005798, 18.858875172045838 ], [ -99.108825011198434, 18.859415934366524 ], [ -99.108813158873602, 18.860005587527159 ], [ -99.109069465398193, 18.860002624445951 ], [ -99.109172432470245, 18.860258190200245 ], [ -99.109193174038708, 18.860336711852298 ], [ -99.109264287987727, 18.860550053699363 ], [ -99.109391700479733, 18.86098562663712 ], [ -99.109554669946235, 18.861569353635339 ], [ -99.109659859329113, 18.861935294164688 ], [ -99.108905755161359, 18.862116042118451 ], [ -99.108778342669353, 18.861720470777016 ], [ -99.108612410121637, 18.861176745375122 ], [ -99.108476108386029, 18.860864140307548 ], [ -99.108329435866168, 18.860612278404762 ], [ -99.107730893461863, 18.860713023165872 ], [ -99.107104201786115, 18.860812286386381 ], [ -99.106807893665177, 18.860993034340147 ], [ -99.106971233516816, 18.861258970878676 ], [ -99.106661961915592, 18.861431570359109 ], [ -99.107217539642349, 18.862221972271669 ], [ -99.107289394361686, 18.862357533236995 ], [ -99.106846043335736, 18.862447166443577 ], [ -99.10682604253762, 18.862728659158442 ], [ -99.106178609293394, 18.862721251455422 ], [ -99.105791186425293, 18.862713843752399 ], [ -99.105683774731489, 18.862179007594133 ], [ -99.105613308956478, 18.86184167931771 ], [ -99.105542935777805, 18.861511295762902 ], [ -99.105483674153618, 18.861234988440152 ], [ -99.105428857151253, 18.860979422685872 ], [ -99.105414041745206, 18.860677188402548 ], [ -99.10548219261301, 18.860647557590458 ], [ -99.105625902051656, 18.860305321710808 ], [ -99.106045178042734, 18.860209021571514 ], [ -99.105905913225911, 18.860037162861389 ], [ -99.1056036789426, 18.859705297765966 ], [ -99.105462932585169, 18.859488992837708 ], [ -99.105372558608295, 18.859201573960426 ], [ -99.105163661383031, 18.858957119760682 ], [ -99.104978468807474, 18.85904156757514 ], [ -99.104781423907056, 18.859093421496297 ], [ -99.104449558811638, 18.859164535445313 ], [ -99.104011022792704, 18.859111199983548 ], [ -99.103550263664715, 18.859029715250301 ], [ -99.103015427506449, 18.858939341273423 ], [ -99.102677636248615, 18.858891931974078 ], [ -99.102363549640458, 18.858874153486827 ], [ -99.101830195022828, 18.858874153486827 ], [ -99.101379806679034, 18.858933415111007 ], [ -99.101130907857495, 18.858963045923101 ], [ -99.10063311021436, 18.859087495333881 ], [ -99.100138275652441, 18.859244538637959 ], [ -99.098916004653731, 18.859773448633774 ], [ -99.098110046564855, 18.860137907622491 ], [ -99.098015227966172, 18.860046052105009 ], [ -99.098705625887888, 18.859729002415641 ], [ -99.098421170091839, 18.857914115175081 ], [ -99.098355982305222, 18.857771887277046 ], [ -99.098124861970916, 18.857677068678356 ], [ -99.098403391604563, 18.85732149893327 ], [ -99.098788592161739, 18.856989633837856 ], [ -99.098753035187229, 18.856877036751911 ], [ -99.099182681962532, 18.85634368213428 ], [ -99.098462653228736, 18.855952555414682 ], [ -99.097656695139861, 18.855516982476949 ], [ -99.097695215195586, 18.855282899061432 ], [ -99.097760402982189, 18.855087335701633 ], [ -99.097784107631853, 18.854986590940523 ], [ -99.097849295418456, 18.854868067692163 ], [ -99.097896704717797, 18.854672504332363 ], [ -99.09792337244869, 18.854509534865866 ], [ -99.097902630880213, 18.854263599125513 ], [ -99.097875963149335, 18.853970254085816 ], [ -99.097896704717797, 18.853943586354934 ], [ -99.097875963149335, 18.853810247700526 ], [ -99.097825590768778, 18.853682835208538 ], [ -99.097810775362746, 18.85351986574204 ], [ -99.09780484920033, 18.853179111402998 ], [ -99.097792996875484, 18.852939101825061 ], [ -99.097816701525147, 18.852805763170654 ], [ -99.097973744829218, 18.852630941379321 ], [ -99.098041895697023, 18.852408710288639 ], [ -99.098086341915163, 18.852322780933576 ], [ -99.098151529701767, 18.852142032979824 ], [ -99.09813671429572, 18.852091660599271 ], [ -99.098098194239981, 18.851881281833428 ], [ -99.097884852392923, 18.851223477805014 ], [ -99.097890778555367, 18.851004209795548 ], [ -99.097807812281516, 18.850977542064665 ], [ -99.097751513738544, 18.850918280440485 ], [ -99.097653732058646, 18.85087679730356 ], [ -99.097561876541164, 18.850793831029705 ], [ -99.097410759399494, 18.850669381618925 ], [ -99.097398907074663, 18.850577526101443 ], [ -99.097301125394765, 18.850467892096709 ], [ -99.097224085283344, 18.850349368848338 ], [ -99.097129266684647, 18.850248624087232 ], [ -99.097084820466506, 18.850165657813378 ], [ -99.097007780355071, 18.850100470026778 ], [ -99.096829995482537, 18.849854534286425 ], [ -99.096775178480158, 18.849709343307179 ], [ -99.096754436911695, 18.849664897089042 ], [ -99.096730732262031, 18.849567115409144 ], [ -99.096976668002384, 18.849453036782595 ], [ -99.09743001942735, 18.849075243928443 ], [ -99.097578173487804, 18.848921163705569 ], [ -99.097850776959035, 18.848624855584664 ], [ -99.098064118806093, 18.848695969533679 ], [ -99.098277460653151, 18.848773009645118 ], [ -99.099012304793007, 18.849007093060631 ], [ -99.099803447475821, 18.849247102638564 ], [ -99.099966416942323, 18.849309327343956 ], [ -99.100156054139688, 18.848666338721589 ], [ -99.100304208200143, 18.848358178275848 ], [ -99.101009421527934, 18.846758114422951 ], [ -99.101347212785754, 18.845984750227387 ], [ -99.101302766567613, 18.84594623017167 ], [ -99.10008806893245, 18.84487404672338 ], [ -99.098003629209742, 18.84345136096708 ], [ -99.098039798030655, 18.843076222891717 ], [ -99.097794615702199, 18.843004385177416 ], [ -99.09782473723449, 18.842582151500213 ], [ -99.097864471202101, 18.842039299355609 ], [ -99.097872456513727, 18.841663618930024 ], [ -99.097818941421025, 18.841528361239252 ], [ -99.097678023977224, 18.841525645760878 ], [ -99.097503445917198, 18.841448456897051 ], [ -99.097304392773253, 18.841196301749473 ], [ -99.097126477888949, 18.840944553831459 ], [ -99.096907715099164, 18.840624905234936 ], [ -99.096891427438152, 18.840396406535199 ], [ -99.096918841036526, 18.840101637150578 ], [ -99.096896078195513, 18.839846168550515 ], [ -99.096778582199832, 18.839736522712304 ], [ -99.096658518657406, 18.839747630861247 ], [ -99.09647952096168, 18.839878406343022 ], [ -99.096272625096148, 18.839995221143237 ], [ -99.095934712487178, 18.839975283192903 ], [ -99.095788177844398, 18.839905344487768 ], [ -99.095684916948969, 18.839789260958884 ], [ -99.095745136012511, 18.839609216835154 ], [ -99.095868053323002, 18.839463938277152 ], [ -99.095977734969523, 18.839278136603884 ], [ -99.096001155175145, 18.839171207300762 ], [ -99.095897609276307, 18.839068541134179 ], [ -99.095640965790651, 18.83920452957749 ], [ -99.095475773926509, 18.839348992628192 ], [ -99.095353141734066, 18.83948085373224 ], [ -99.09520603702731, 18.83943774872775 ], [ -99.09521074688287, 18.839216366427372 ], [ -99.095207126480645, 18.839055225265639 ], [ -99.095143091721923, 18.838751981539431 ], [ -99.094882685330717, 18.838733536089496 ], [ -99.094808322676727, 18.838584453023433 ], [ -99.09457276538545, 18.838391992555572 ], [ -99.094305314051709, 18.838373410194041 ], [ -99.093814305494931, 18.838592120493534 ], [ -99.093453403062398, 18.838658980250656 ], [ -99.093168527584112, 18.838465565740101 ], [ -99.093026566509579, 18.838180951090497 ], [ -99.093037754226103, 18.837986539375738 ], [ -99.093044467132728, 18.837671238020693 ], [ -99.093088597873319, 18.837584842983397 ], [ -99.093101070872265, 18.837330054595327 ], [ -99.093077887159808, 18.837094711935727 ], [ -99.092931642735905, 18.837011353648077 ], [ -99.092703468415039, 18.837134463647967 ], [ -99.092424688439195, 18.837316997982569 ], [ -99.092129628397615, 18.837271033555879 ], [ -99.091747547682317, 18.837008626853724 ], [ -99.091604447906178, 18.836777679632558 ], [ -99.091478440799847, 18.8364061254277 ], [ -99.091339486490469, 18.835980630975598 ], [ -99.091276462147647, 18.835630427182714 ], [ -99.09143027803259, 18.835358235475006 ], [ -99.091711055804012, 18.835081784238938 ], [ -99.091996261593593, 18.83459736872982 ], [ -99.092150789219573, 18.834291634112134 ], [ -99.092281036776015, 18.834133078504738 ], [ -99.092201205505333, 18.833910065458582 ], [ -99.092247335640437, 18.833729752041851 ], [ -99.092388673498235, 18.833712347063901 ], [ -99.092467842086691, 18.833304488699689 ], [ -99.092461036631121, 18.832962083260341 ], [ -99.092550509947415, 18.832732272373956 ], [ -99.092694680384412, 18.832416271177173 ], [ -99.09286098611166, 18.832053718551826 ], [ -99.093063755311846, 18.83179924965458 ], [ -99.093207090592657, 18.831191293350123 ], [ -99.092856466433886, 18.831107346179426 ], [ -99.092418633251739, 18.830981447083243 ], [ -99.092142914577806, 18.83085532137077 ], [ -99.09086967170596, 18.830407923780474 ], [ -99.090368822630353, 18.831089505479635 ], [ -99.089988843703168, 18.831390880843635 ], [ -99.089617338351246, 18.831625306694857 ], [ -99.088655416520595, 18.832113413595419 ], [ -99.088004024366029, 18.831590764889391 ], [ -99.08322804630528, 18.83014267002233 ], [ -99.082701249885588, 18.830387493359975 ], [ -99.081988365666106, 18.830105232600097 ], [ -99.082426318988027, 18.830060027834573 ], [ -99.082679948547607, 18.830064941210434 ], [ -99.083430185804957, 18.829918402801251 ], [ -99.083840816650749, 18.829832397399649 ], [ -99.084347215565302, 18.829882469728666 ], [ -99.08455484916756, 18.830060981579834 ], [ -99.084916047217519, 18.830309578111933 ], [ -99.086864044649815, 18.830843903670992 ], [ -99.087794025713862, 18.830861889913109 ], [ -99.087796314964379, 18.830754554339482 ], [ -99.089084642767418, 18.831155291122109 ], [ -99.089600199863739, 18.830776003401127 ], [ -99.090009160844019, 18.828783959902282 ], [ -99.091013328716485, 18.826642350302247 ], [ -99.091143771032904, 18.825812681504278 ], [ -99.091830757485425, 18.82598701819672 ], [ -99.092065735218213, 18.824219802510676 ], [ -99.092185597577739, 18.823886558124904 ], [ -99.092225122797544, 18.821699481211187 ], [ -99.091456949132166, 18.821698068911889 ], [ -99.091480209297501, 18.819282505404885 ], [ -99.091410619445597, 18.819240894500421 ], [ -99.090771753764571, 18.818463484514805 ], [ -99.090490783389555, 18.81808894413647 ], [ -99.090294493132788, 18.817709328499674 ], [ -99.089956453897756, 18.817367240326657 ], [ -99.089635832850405, 18.817199977239959 ], [ -99.089365096736216, 18.817006833229591 ], [ -99.090547547940758, 18.816747816755104 ], [ -99.090109233952518, 18.815819925372477 ], [ -99.090305439938774, 18.815541850238723 ], [ -99.090498786544529, 18.815397941766037 ], [ -99.090648150623608, 18.815333716557415 ], [ -99.090923029582527, 18.815332315920536 ], [ -99.090989489786878, 18.814528268002515 ], [ -99.090941380536364, 18.813809251800961 ], [ -99.091196588280582, 18.81291154093644 ], [ -99.091401761156732, 18.812543039218443 ], [ -99.093596871111799, 18.813541751732313 ], [ -99.093798089971585, 18.813689923597746 ], [ -99.093959779681256, 18.813874243345207 ], [ -99.094071230776706, 18.814101215550284 ], [ -99.094153005520297, 18.814398081519631 ], [ -99.09390807059016, 18.819946802635652 ], [ -99.094896574349832, 18.820026275794429 ], [ -99.094893628836843, 18.820495998861997 ], [ -99.094992612603647, 18.820481130506806 ], [ -99.095530682472031, 18.820531776169759 ], [ -99.095595467683879, 18.820633692830473 ], [ -99.09571273227715, 18.820753399459669 ], [ -99.09590384944093, 18.820921508272324 ], [ -99.096125054401583, 18.821000435469802 ], [ -99.096301288553235, 18.821039906131105 ], [ -99.096421420812518, 18.821107656154499 ], [ -99.096673518036368, 18.821391029328318 ], [ -99.096428814866371, 18.821795691620689 ], [ -99.096249577092252, 18.822215038401371 ], [ -99.096576630296056, 18.822467420138704 ], [ -99.096945257159064, 18.821593128473754 ], [ -99.097184648699724, 18.821382986392443 ], [ -99.097272228881749, 18.821241503407016 ], [ -99.097454567064844, 18.821173432388878 ], [ -99.097635098993933, 18.821190334202416 ], [ -99.097609829531848, 18.821384470462199 ], [ -99.097323397092978, 18.821707796064334 ], [ -99.097247320418333, 18.821860686162644 ], [ -99.097151487535839, 18.821948320942049 ], [ -99.097129278589421, 18.822108960546483 ], [ -99.097171015409998, 18.822355840808246 ], [ -99.097132206744192, 18.822413256092155 ], [ -99.097154643891983, 18.822462903755827 ], [ -99.09715696365808, 18.822574801119977 ], [ -99.09712247122485, 18.822650196045867 ], [ -99.097161413055417, 18.822807540446931 ], [ -99.097142759704127, 18.823021938077709 ], [ -99.097018308655151, 18.823350623218747 ], [ -99.096822419177514, 18.823503440838014 ], [ -99.096819661718072, 18.823633136934102 ], [ -99.096881801418732, 18.823804351162572 ], [ -99.096922264609375, 18.82389013936109 ], [ -99.097289553320792, 18.823852478194731 ], [ -99.097426382891229, 18.823604565218606 ], [ -99.09761344532437, 18.822319627415602 ], [ -99.099648937037443, 18.82160719492337 ], [ -99.099806910484048, 18.82169077114445 ], [ -99.100299618288759, 18.821941860605676 ], [ -99.100776287931978, 18.822505826919716 ], [ -99.101856505156931, 18.822526619483675 ], [ -99.101740460336998, 18.823123916210342 ], [ -99.102395709244419, 18.823243904008958 ], [ -99.102467818413814, 18.823388462893107 ], [ -99.102369136433481, 18.824496143651711 ], [ -99.102987957720543, 18.82456173866127 ], [ -99.103295471117008, 18.824683981004505 ], [ -99.103812105128512, 18.824693917627741 ], [ -99.103681827243008, 18.823747374539831 ], [ -99.103707681931041, 18.823636019076261 ], [ -99.103794497948897, 18.823530310148943 ], [ -99.103777323985028, 18.823453920033625 ], [ -99.103658057418926, 18.823317403040242 ], [ -99.103554160768084, 18.822899312981114 ], [ -99.103494907271909, 18.822813165337994 ], [ -99.103163819142878, 18.821809072324271 ], [ -99.103130231387752, 18.82162051412233 ], [ -99.103176022441588, 18.821178459512684 ], [ -99.103254416471941, 18.820915995986919 ], [ -99.103349746391459, 18.820741103064581 ], [ -99.103490333445549, 18.820536880511359 ], [ -99.104235461693705, 18.81974140081919 ], [ -99.104376358974591, 18.819965577377754 ], [ -99.104488625973701, 18.820099721619965 ], [ -99.104773267237348, 18.820413906419851 ], [ -99.104932949146018, 18.820416976345097 ], [ -99.105050077879284, 18.820432650333284 ], [ -99.105097991269915, 18.820388830523655 ], [ -99.105121853142933, 18.82037139287981 ], [ -99.105169671679874, 18.82033204531637 ], [ -99.10562277830131, 18.820900015966217 ], [ -99.105805288999193, 18.821377777525296 ], [ -99.10589936704217, 18.821594342095747 ], [ -99.106328229068964, 18.821754702665487 ], [ -99.106484974800765, 18.821896411476555 ], [ -99.106203990834899, 18.822074450300782 ], [ -99.106324122499601, 18.822613650609043 ], [ -99.106898542007841, 18.823000511640142 ], [ -99.107809985496104, 18.823447532879833 ], [ -99.108482133779603, 18.823657300776272 ], [ -99.109432296153798, 18.824051366535205 ], [ -99.110007866356625, 18.824384548927192 ], [ -99.110561624313789, 18.824860482245811 ], [ -99.111240595960126, 18.82474823293192 ], [ -99.1120085814362, 18.824870341358864 ], [ -99.112564807167743, 18.825229987845841 ], [ -99.112482094162559, 18.825586330974065 ], [ -99.112813448769245, 18.825914820269031 ], [ -99.113071926556387, 18.826134533100451 ], [ -99.114114163859924, 18.826619817429954 ], [ -99.11410433368269, 18.827084937582825 ], [ -99.114270392619616, 18.827231291593478 ], [ -99.114240263521523, 18.827767609157263 ], [ -99.113496855172983, 18.829149290699213 ], [ -99.114662151761564, 18.829815896741405 ], [ -99.115171841439221, 18.829933040328228 ], [ -99.115500338281777, 18.829952754941871 ], [ -99.115762538913955, 18.829774337140101 ], [ -99.11606714725535, 18.830035196412329 ], [ -99.11654931884398, 18.830120489402148 ], [ -99.116437324104766, 18.830306258878373 ], [ -99.116055974943777, 18.830786637976239 ], [ -99.115821360836975, 18.83121613693687 ], [ -99.115082886143014, 18.833698569524842 ], [ -99.114917084585059, 18.83442915592401 ], [ -99.114548638149003, 18.834520528840908 ], [ -99.114175843110118, 18.834817629192262 ], [ -99.113989982675506, 18.835163052772831 ], [ -99.113761121393424, 18.835319737061354 ], [ -99.114130835359191, 18.835613168855019 ], [ -99.114371054750379, 18.836253104296553 ], [ -99.113947065148082, 18.837193505688678 ], [ -99.113618396369802, 18.837625676925111 ], [ -99.112006813691693, 18.836950499984759 ], [ -99.111635776147182, 18.836719675574937 ], [ -99.110885806613268, 18.837519591697326 ], [ -99.109682040512382, 18.838002077872108 ], [ -99.111725317936262, 18.839150876007363 ], [ -99.111320536161003, 18.839626325846957 ], [ -99.111327591938775, 18.84018126173352 ], [ -99.111822270705773, 18.841676184468955 ], [ -99.111810539501874, 18.84223076149749 ], [ -99.111818354261544, 18.84274992003337 ], [ -99.110579781770625, 18.842654576130776 ], [ -99.110026564974646, 18.843037692843779 ], [ -99.10998406381232, 18.843269536635212 ], [ -99.109971567660423, 18.843859893906782 ], [ -99.108285452554696, 18.843594870821466 ], [ -99.108111801824691, 18.843806299325387 ], [ -99.108181498427868, 18.844953039394198 ], [ -99.107659561470754, 18.844746151063973 ], [ -99.107098962879903, 18.846364005363611 ], [ -99.105309187538168, 18.845667430813137 ], [ -99.105198929591324, 18.846434880545008 ], [ -99.105078605046245, 18.846790507133427 ] ] ] ] } },
{ "type": "Feature", "properties": { "Pol": 18, "Nom_Pol": "Yecapixtla", "layer": "18.- YECAPIXTLA" }, "geometry": { "type": "MultiPolygon", "coordinates": [ [ [ [ -98.793216353887743, 18.935228579182869 ], [ -98.793572553722754, 18.931477205104766 ], [ -98.797226048449005, 18.924278696207882 ], [ -98.80124366321995, 18.926203219831006 ], [ -98.803905691493796, 18.922165186491217 ], [ -98.803927647330994, 18.921830036709924 ], [ -98.803723834274436, 18.921798864220197 ], [ -98.803932832521383, 18.9216086405482 ], [ -98.80398579427191, 18.921455380887146 ], [ -98.803933345905904, 18.920984407181049 ], [ -98.804214389928774, 18.921030642024029 ], [ -98.804455355360346, 18.920680000685447 ], [ -98.805857120439512, 18.921058762076974 ], [ -98.805829549878951, 18.921031328421599 ], [ -98.805833475694854, 18.920863604171792 ], [ -98.806066022688569, 18.919667033261923 ], [ -98.806088584659548, 18.919607100925738 ], [ -98.806099245670381, 18.919452944318888 ], [ -98.806094708367695, 18.919345451575222 ], [ -98.805973187629149, 18.918510552734016 ], [ -98.807752798749348, 18.918716073408902 ], [ -98.808554565263577, 18.918813604987175 ], [ -98.809322339963799, 18.918856714268451 ], [ -98.809497637945753, 18.9189006998986 ], [ -98.809700193271865, 18.918985536121173 ], [ -98.809836322838663, 18.919196499007409 ], [ -98.809837099070535, 18.91946500667779 ], [ -98.810105924619506, 18.919430424393344 ], [ -98.810525300271777, 18.919291632024105 ], [ -98.810750416692727, 18.919316533895703 ], [ -98.81086242619179, 18.919352466070976 ], [ -98.811203309902822, 18.9195543367853 ], [ -98.811343674889187, 18.919584156415091 ], [ -98.811327298359885, 18.919412866994183 ], [ -98.811423120021061, 18.919418699833063 ], [ -98.811670444617533, 18.919442958724677 ], [ -98.811773814600301, 18.919467976339277 ], [ -98.811861377222627, 18.919485049307987 ], [ -98.811901339964621, 18.919485894867233 ], [ -98.811937928365438, 18.919460033633982 ], [ -98.811796887558103, 18.919195889035453 ], [ -98.811567741002662, 18.918572547870781 ], [ -98.811059537085143, 18.917144416265792 ], [ -98.810710121202078, 18.915874268976978 ], [ -98.810776289806213, 18.915360261283407 ], [ -98.8111744564509, 18.914544036094604 ], [ -98.811669457579029, 18.913059831178899 ], [ -98.811938910091357, 18.911957409616825 ], [ -98.812651005666936, 18.910452029953195 ], [ -98.813747991130924, 18.909856747059536 ], [ -98.815388643059535, 18.909169868398386 ], [ -98.816881946111209, 18.908995263129878 ], [ -98.818798655315533, 18.909241906269813 ], [ -98.820119970969373, 18.909475960195962 ], [ -98.820130230470483, 18.910197741934187 ], [ -98.819436278466441, 18.91209009153193 ], [ -98.818824257557779, 18.915919645169176 ], [ -98.818905873253996, 18.915897875455663 ], [ -98.820989686599148, 18.91742526208758 ], [ -98.821121986229343, 18.917498532009642 ], [ -98.821489038254725, 18.917637164425539 ], [ -98.821584753577625, 18.917615690633848 ], [ -98.823038557840633, 18.918183331307208 ], [ -98.823161534406339, 18.918202704834659 ], [ -98.823175889342465, 18.918494990744051 ], [ -98.82324388615551, 18.918603820526844 ], [ -98.823258564539969, 18.919033714800758 ], [ -98.823355072398414, 18.919129721171906 ], [ -98.823366382551413, 18.919552832434952 ], [ -98.823198462861868, 18.919797646173496 ], [ -98.823174971299196, 18.919897834958647 ], [ -98.823118751881154, 18.920191989657393 ], [ -98.823052202660136, 18.920626884483273 ], [ -98.823061346725424, 18.921445975649942 ], [ -98.822773422648297, 18.92169497161025 ], [ -98.821679713130521, 18.923229158066849 ], [ -98.821536877836778, 18.923910800252809 ], [ -98.821526251846251, 18.924367013173573 ], [ -98.821146184508194, 18.924332146292638 ], [ -98.819541944349254, 18.924164047542021 ], [ -98.819290651813375, 18.924051346252881 ], [ -98.81794208848585, 18.923808079532218 ], [ -98.817072917367696, 18.923574928018187 ], [ -98.815525089565682, 18.923407978005244 ], [ -98.813635115785488, 18.923394872689695 ], [ -98.813274166197175, 18.923145596226902 ], [ -98.813271032807648, 18.923279776168229 ], [ -98.812953947655373, 18.923568411560748 ], [ -98.812635607549765, 18.923910718409097 ], [ -98.812401863989564, 18.924254814399507 ], [ -98.810742443725545, 18.926448194802916 ], [ -98.810880911703123, 18.927766745317054 ], [ -98.808739717603459, 18.942112830876184 ], [ -98.801239708923774, 18.940665023487067 ], [ -98.799891515605808, 18.940099402228817 ], [ -98.79593365741286, 18.938317049068697 ], [ -98.795373277156003, 18.937848686150058 ], [ -98.794226848208311, 18.936804009445879 ], [ -98.794242525361497, 18.936737218497086 ], [ -98.793216353887743, 18.935228579182869 ] ] ] ] } },
{ "type": "Feature", "properties": { "Pol": 19, "Nom_Pol": "Zacatepec", "layer": "19.- ZACATEPEC" }, "geometry": { "type": "MultiPolygon", "coordinates": [ [ [ [ -99.190510272500106, 18.674228270089756 ], [ -99.190570297693313, 18.673962444234171 ], [ -99.191603588519044, 18.67265475252524 ], [ -99.192075215037008, 18.67251755208364 ], [ -99.192658316913779, 18.671887287555073 ], [ -99.192818181720014, 18.671538361409866 ], [ -99.19284376047851, 18.671498365628032 ], [ -99.193440067736475, 18.670522527949803 ], [ -99.193520677527957, 18.670443178824488 ], [ -99.193708418345892, 18.670365919486017 ], [ -99.193877480756498, 18.670272977497884 ], [ -99.194036504910983, 18.670152031096318 ], [ -99.194167288465138, 18.669985039135359 ], [ -99.194277372897517, 18.669792372910692 ], [ -99.19428887771231, 18.669471416285262 ], [ -99.194204239170759, 18.669207572424096 ], [ -99.193750992254422, 18.668615135213997 ], [ -99.193480604550516, 18.668092373514575 ], [ -99.193234211446565, 18.667329365996416 ], [ -99.193178454905251, 18.667260205101268 ], [ -99.193169954571829, 18.66721009132414 ], [ -99.193094307444611, 18.667181431762565 ], [ -99.192935841872682, 18.666967061879522 ], [ -99.192857949399027, 18.666815743064372 ], [ -99.192845805153254, 18.666711064763742 ], [ -99.192838330574688, 18.666611014981374 ], [ -99.192750446457438, 18.666482216638336 ], [ -99.192539473703064, 18.666314790462835 ], [ -99.192210348775632, 18.665636525199485 ], [ -99.192425035780786, 18.665159146297523 ], [ -99.1943293312452, 18.665235542492557 ], [ -99.195297317334578, 18.665430704018426 ], [ -99.195586827353821, 18.664206333618388 ], [ -99.195612616574067, 18.664206814327812 ], [ -99.19562980655229, 18.664154880619474 ], [ -99.196045675562218, 18.664476156531883 ], [ -99.196116100876139, 18.664658821665274 ], [ -99.196199628457109, 18.665146034729403 ], [ -99.196179044075848, 18.665520651873315 ], [ -99.196530212379116, 18.666617196156974 ], [ -99.1967633609665, 18.667287453901178 ], [ -99.197081659031667, 18.66790422255033 ], [ -99.198069826119195, 18.667647120102203 ], [ -99.197555324465668, 18.663342456267763 ], [ -99.198292575858503, 18.663119271077825 ], [ -99.198417751163163, 18.663130592793951 ], [ -99.198684417559406, 18.663256522276107 ], [ -99.198732116150424, 18.663278495784333 ], [ -99.198747658387958, 18.663284391115806 ], [ -99.198774187379598, 18.663297253657191 ], [ -99.198811435155733, 18.663313599803555 ], [ -99.198819206274493, 18.663317351378129 ], [ -99.198842519630773, 18.663327802193017 ], [ -99.199351125955246, 18.663557184181311 ], [ -99.199820206761927, 18.663817650644649 ], [ -99.20008603261752, 18.663967713627642 ], [ -99.20017367876099, 18.66377319007649 ], [ -99.200209869200052, 18.663449787480296 ], [ -99.200175234166736, 18.663336420857938 ], [ -99.199923124406425, 18.663014698208393 ], [ -99.19958134269956, 18.662740622029894 ], [ -99.199317229201498, 18.662644119071995 ], [ -99.199133524638029, 18.66259138336061 ], [ -99.198973284844456, 18.662475678181927 ], [ -99.198965785652518, 18.662469227554627 ], [ -99.198858736055726, 18.662004409470363 ], [ -99.198704305198461, 18.661587281276525 ], [ -99.198618938932796, 18.661208425985023 ], [ -99.198710792820847, 18.660892049610553 ], [ -99.198814373536479, 18.660760825685294 ], [ -99.199041625940936, 18.660654096299016 ], [ -99.199414914515359, 18.66061666135667 ], [ -99.199880388813298, 18.660625325426334 ], [ -99.200134151312341, 18.660607856130966 ], [ -99.200571798769644, 18.660741535475861 ], [ -99.200889937822311, 18.660480692402064 ], [ -99.200929535201965, 18.660355893883541 ], [ -99.200937448947144, 18.659483082413786 ], [ -99.200864792732418, 18.659221470064566 ], [ -99.200644784382106, 18.658808395828888 ], [ -99.200581747217527, 18.658621322633 ], [ -99.200412331927623, 18.658458827116071 ], [ -99.200236041768392, 18.658359940695423 ], [ -99.200023611432798, 18.658393167303426 ], [ -99.199678365446545, 18.658381430041285 ], [ -99.199451617466693, 18.65829753779671 ], [ -99.199298697024417, 18.658145970980275 ], [ -99.199192514561233, 18.657889045525284 ], [ -99.201140325988817, 18.657739394815575 ], [ -99.201100882773147, 18.657231742038956 ], [ -99.201105334796353, 18.657014322054813 ], [ -99.201552207644937, 18.65547780933662 ], [ -99.201774593234404, 18.654701374809019 ], [ -99.205438590405635, 18.656884534377301 ], [ -99.205244468040391, 18.657942194554707 ], [ -99.210698130381346, 18.658778424561362 ], [ -99.211166801496546, 18.658812678239958 ], [ -99.212577506601093, 18.65868543091468 ], [ -99.212735245817967, 18.65884174437036 ], [ -99.211803862078014, 18.65979596326423 ], [ -99.211934529820013, 18.659964558682244 ], [ -99.211162916710734, 18.662289477972962 ], [ -99.211405187555457, 18.662285074601982 ], [ -99.211243608409362, 18.664803079968522 ], [ -99.211427947914331, 18.666571202046061 ], [ -99.212927879250302, 18.668678831246986 ], [ -99.212895996234252, 18.669161435760898 ], [ -99.213745461855396, 18.669660364594829 ], [ -99.213566560439219, 18.672910237687741 ], [ -99.213189403084712, 18.672730414223981 ], [ -99.212992465602653, 18.672605779678914 ], [ -99.211713312982738, 18.673083310952592 ], [ -99.210433655492565, 18.672696630699303 ], [ -99.210171616252538, 18.672207825201479 ], [ -99.20735052840179, 18.672538964853853 ], [ -99.207354295888607, 18.671855922862516 ], [ -99.20754481077104, 18.671055073330244 ], [ -99.207441332119217, 18.670874400527985 ], [ -99.207243854867841, 18.670704750951341 ], [ -99.207096552163222, 18.670702016675531 ], [ -99.206828468246158, 18.670709808066231 ], [ -99.206419168359361, 18.671072481520113 ], [ -99.20612325769973, 18.671130827087829 ], [ -99.205042747074629, 18.670906470644031 ], [ -99.204513626506611, 18.670577440115366 ], [ -99.204362382561939, 18.67022762001865 ], [ -99.203645825280404, 18.669699312404934 ], [ -99.203326630588961, 18.671079896134682 ], [ -99.203167030825369, 18.671770188708376 ], [ -99.202653860578508, 18.672473716011179 ], [ -99.202614444611172, 18.673384125845921 ], [ -99.202617839100213, 18.673849977532658 ], [ -99.202544093977139, 18.674566523676951 ], [ -99.20303801226396, 18.674969857018514 ], [ -99.203394736287109, 18.675581791421319 ], [ -99.20376651573369, 18.676179928374527 ], [ -99.202737408865985, 18.67666756621669 ], [ -99.202505286165049, 18.677184094451846 ], [ -99.20227805858238, 18.677461406896704 ], [ -99.201180334382812, 18.678010490428438 ], [ -99.19394135541846, 18.681834855509788 ], [ -99.193769854866474, 18.682898158932133 ], [ -99.193855605142474, 18.683515560919304 ], [ -99.193761279838881, 18.683609886222893 ], [ -99.192324962715929, 18.683631323791897 ], [ -99.192234924926112, 18.683689205228188 ], [ -99.19212988083801, 18.683738511636886 ], [ -99.191979817855014, 18.683837124454282 ], [ -99.191896211335916, 18.683877855835384 ], [ -99.191801886032323, 18.68393359351478 ], [ -99.19170756072873, 18.683976468652777 ], [ -99.191581079071582, 18.684061147050318 ], [ -99.191422441060979, 18.684151184840115 ], [ -99.191336690785008, 18.684194059978111 ], [ -99.191160902719204, 18.684292672795504 ], [ -99.190989402167219, 18.6843869980991 ], [ -99.190843626698026, 18.684455598319897 ], [ -99.190757876422026, 18.684515623513093 ], [ -99.190483475538841, 18.684661398982286 ], [ -99.190281962390259, 18.684764299313482 ], [ -99.190119036865866, 18.684858624617078 ], [ -99.189913236203452, 18.684959381191373 ], [ -99.189600247696063, 18.685141600527864 ], [ -99.18940945333199, 18.685257363400456 ], [ -99.18939230327679, 18.685051562738064 ], [ -99.18935800316639, 18.684927224837871 ], [ -99.189293690459394, 18.684687124065086 ], [ -99.189173640073008, 18.6843912856129 ], [ -99.189032152117619, 18.684022559426118 ], [ -99.188912101731219, 18.683692420863537 ], [ -99.18875024808527, 18.683562187631868 ], [ -99.188651635267874, 18.682708972385711 ], [ -99.188593753831583, 18.68160708133917 ], [ -99.188508003555583, 18.680835328855206 ], [ -99.188405103224383, 18.680029276260846 ], [ -99.188490853500383, 18.679394724218479 ], [ -99.188628053941983, 18.678845922452108 ], [ -99.188799554493968, 18.678777322231312 ], [ -99.189194005763554, 18.678468621237727 ], [ -99.189378368856964, 18.678074169968156 ], [ -99.189416956481153, 18.677696868753777 ], [ -99.190141546313328, 18.67710947936321 ], [ -99.190012920899335, 18.675900400471672 ], [ -99.190047221009735, 18.675445924008894 ], [ -99.190510272500106, 18.674228270089756 ] ] ] ] } },
{ "type": "Feature", "properties": { "Pol": 21, "Nom_Pol": "Coatetelco", "layer": "21.- COATETELCO" }, "geometry": { "type": "MultiPolygon", "coordinates": [ [ [ [ -99.284076139693823, 18.707212937834935 ], [ -99.284700620400784, 18.706199127117692 ], [ -99.285168868829587, 18.706508948730292 ], [ -99.2853338714107, 18.707047701054023 ], [ -99.285689423950117, 18.707723834598699 ], [ -99.287340433729511, 18.708640983741965 ], [ -99.28803803248222, 18.708904701984149 ], [ -99.288661058249346, 18.709384733062226 ], [ -99.290188822859861, 18.71031637486632 ], [ -99.290791704156732, 18.711112722792056 ], [ -99.292220018358449, 18.711020960675128 ], [ -99.293065047373034, 18.711036162523328 ], [ -99.297068983011926, 18.7116115613948 ], [ -99.297493822008931, 18.711501723130013 ], [ -99.298478366751212, 18.711586524305911 ], [ -99.298754075320332, 18.711893533554885 ], [ -99.298743463440672, 18.712430339450311 ], [ -99.299019985689711, 18.713041319888077 ], [ -99.299338639594779, 18.713246917153292 ], [ -99.300941962031885, 18.714175134777477 ], [ -99.301373858313866, 18.714774829176669 ], [ -99.301728422689791, 18.714796561871559 ], [ -99.302844477103747, 18.715070260068067 ], [ -99.303644604073611, 18.715126459424237 ], [ -99.304591572548276, 18.715510854874012 ], [ -99.305571805317413, 18.715811511219993 ], [ -99.30741305014115, 18.717511016776658 ], [ -99.307143261363748, 18.718609654782725 ], [ -99.306894416667163, 18.719111176798403 ], [ -99.307009119779906, 18.719353567361921 ], [ -99.306978091926467, 18.719580700957515 ], [ -99.308157463910106, 18.719690345123315 ], [ -99.308259646061046, 18.719894562777753 ], [ -99.308323647738774, 18.721363037213806 ], [ -99.309712137954648, 18.721640851275652 ], [ -99.310490327452612, 18.7218951284021 ], [ -99.310960357885037, 18.721167270955931 ], [ -99.310792501642894, 18.720635678080029 ], [ -99.310242015826987, 18.720418179224254 ], [ -99.310543936581539, 18.72017815645561 ], [ -99.310652253011952, 18.719708133929259 ], [ -99.310808101255731, 18.71984306694744 ], [ -99.312090667934797, 18.720111396625089 ], [ -99.312765188224049, 18.720066806746772 ], [ -99.314426179776021, 18.721032971748581 ], [ -99.314640989504582, 18.721413333074636 ], [ -99.314901110800321, 18.721582705289411 ], [ -99.315347529875282, 18.72148869255717 ], [ -99.315673580658114, 18.72123564488912 ], [ -99.315746352157674, 18.720883947509623 ], [ -99.315957135387706, 18.720869279007744 ], [ -99.316316670424456, 18.721382833487258 ], [ -99.316117065134875, 18.721759631663215 ], [ -99.316109043304422, 18.722168020986793 ], [ -99.316218154028121, 18.722634848604486 ], [ -99.316154608701083, 18.722859112868395 ], [ -99.316299365215258, 18.723016654879395 ], [ -99.316859619731048, 18.723097080572689 ], [ -99.316792756671305, 18.723490334270501 ], [ -99.317888133797751, 18.723425334462384 ], [ -99.317885922316961, 18.723537993839884 ], [ -99.318432781804731, 18.723547738224006 ], [ -99.318734184867111, 18.723257273763135 ], [ -99.318744686025013, 18.722722142011019 ], [ -99.318995256696155, 18.72200815211977 ], [ -99.31901473388838, 18.72176901469367 ], [ -99.319344033635502, 18.721563570576009 ], [ -99.319893923794581, 18.721418403362229 ], [ -99.320335935718958, 18.72149671037333 ], [ -99.320778224283231, 18.721560933703021 ], [ -99.320950887646234, 18.721803491544996 ], [ -99.3206656530662, 18.72202381099514 ], [ -99.32056371860439, 18.722698187770522 ], [ -99.320317021446613, 18.723215026999767 ], [ -99.320460678457863, 18.723428894783986 ], [ -99.320518141388305, 18.723514441876286 ], [ -99.320336638800114, 18.723722520648845 ], [ -99.319525949000806, 18.722088041219699 ], [ -99.320619203432827, 18.723970283639101 ], [ -99.320390830842882, 18.724562835269612 ], [ -99.320309607552574, 18.725020325937034 ], [ -99.320013504970674, 18.725382203364589 ], [ -99.320081681787499, 18.725589939072798 ], [ -99.319974131655954, 18.726161695842034 ], [ -99.320256289330686, 18.726510923104019 ], [ -99.320481299998363, 18.727318070766049 ], [ -99.32024099278253, 18.727290845475142 ], [ -99.319359198345751, 18.729840746135242 ], [ -99.320608081718603, 18.730634003120834 ], [ -99.321156688281192, 18.731029278243668 ], [ -99.32160228829008, 18.731519096106293 ], [ -99.321721607440963, 18.731882635320385 ], [ -99.322288421872841, 18.732639647126124 ], [ -99.322691965745562, 18.732695014642541 ], [ -99.319417976510564, 18.734921508222143 ], [ -99.320110599996625, 18.734433253631806 ], [ -99.320404927898153, 18.734428481999704 ], [ -99.320531573139291, 18.734400701303755 ], [ -99.320690910022918, 18.734313431906369 ], [ -99.321466098965345, 18.734437358235503 ], [ -99.321041108725282, 18.73521071211098 ], [ -99.321047884876791, 18.735401056322488 ], [ -99.321138895607675, 18.7355828880162 ], [ -99.321203794941297, 18.736024561171565 ], [ -99.321208020339554, 18.736345013340166 ], [ -99.32152229050692, 18.736931289718108 ], [ -99.322145326106451, 18.737312811653961 ], [ -99.322241047375044, 18.73725444382513 ], [ -99.322524287947033, 18.737279506056705 ], [ -99.322529191374116, 18.737029298494967 ], [ -99.322429242091133, 18.736767214039478 ], [ -99.322868460236947, 18.735803884049822 ], [ -99.323038302067005, 18.73571679884548 ], [ -99.323061272631222, 18.735617089667606 ], [ -99.323314647556572, 18.735020889751276 ], [ -99.324566790378569, 18.735473657635659 ], [ -99.324646410279726, 18.735382500419629 ], [ -99.325283345911686, 18.735692657612805 ], [ -99.325589993579698, 18.735249850485708 ], [ -99.325589993579698, 18.735249850485708 ], [ -99.326378153898872, 18.735846585392981 ], [ -99.326924535985725, 18.735975824701022 ], [ -99.327180156611533, 18.734934433692594 ], [ -99.327444338557072, 18.735058659538119 ], [ -99.327837058905331, 18.733422029966487 ], [ -99.328477789462141, 18.733537996524763 ], [ -99.328579155468404, 18.733166250187246 ], [ -99.329181320756589, 18.732848216699431 ], [ -99.329662648487812, 18.733095825827693 ], [ -99.330333858323911, 18.733257150613703 ], [ -99.333271393264084, 18.734126501318016 ], [ -99.333772278529651, 18.732647831760652 ], [ -99.334006522112986, 18.732738465965831 ], [ -99.335860089756082, 18.73171617005308 ], [ -99.335985163017142, 18.730888129800263 ], [ -99.336035619291437, 18.730162551319797 ], [ -99.333126295242707, 18.729496526548679 ], [ -99.332650155395726, 18.729425333931523 ], [ -99.331649798866451, 18.728372140928972 ], [ -99.331484885468129, 18.728384905948108 ], [ -99.331440404365807, 18.728133096543068 ], [ -99.330932044964513, 18.727182755287156 ], [ -99.33090831501589, 18.726711671332403 ], [ -99.331169008015607, 18.726010300036219 ], [ -99.331096815395227, 18.725491291279461 ], [ -99.330970953381041, 18.725190973349665 ], [ -99.330974629708194, 18.725002773754007 ], [ -99.331190757987244, 18.72489678520332 ], [ -99.331388055739922, 18.724068781470447 ], [ -99.331959952052699, 18.72345137247704 ], [ -99.331920065395295, 18.722964315972835 ], [ -99.332063459025477, 18.721523500198522 ], [ -99.332835543012976, 18.721615627931197 ], [ -99.332825440387424, 18.722133174723822 ], [ -99.333272920239807, 18.721984217423593 ], [ -99.333696900255561, 18.722195681764255 ], [ -99.333805693436418, 18.722527071133165 ], [ -99.334186721568173, 18.722408311169726 ], [ -99.335207547342364, 18.722410700326517 ], [ -99.335278586964961, 18.722145250808296 ], [ -99.335592549644716, 18.72208805460448 ], [ -99.335720259024356, 18.721571488595483 ], [ -99.336866169451682, 18.722459154945625 ], [ -99.337884824018275, 18.722091671455502 ], [ -99.337807048486127, 18.723487751342049 ], [ -99.344173569604934, 18.728997319801735 ], [ -99.342074292433693, 18.735513926251741 ], [ -99.339398400035904, 18.734375420461955 ], [ -99.337922318282523, 18.734578298428744 ], [ -99.336779235009402, 18.735483162368876 ], [ -99.336596608534251, 18.735795301120643 ], [ -99.335613467942878, 18.736418826974091 ], [ -99.332737394841942, 18.735696334169635 ], [ -99.332068604627963, 18.735504269646508 ], [ -99.332156551606261, 18.735305593376729 ], [ -99.330045538593367, 18.734707503678475 ], [ -99.329877071651168, 18.734724538710445 ], [ -99.328983303044112, 18.737784387386736 ], [ -99.326663527280843, 18.737017347217954 ], [ -99.32612839615804, 18.738718591196331 ], [ -99.327430529769117, 18.73902775920001 ], [ -99.327155455296932, 18.740207908156421 ], [ -99.326048617514274, 18.740055444125648 ], [ -99.326218242165581, 18.741524427738103 ], [ -99.326326455173202, 18.741763228023174 ], [ -99.325741866444744, 18.74248154787356 ], [ -99.325359087951981, 18.742498638764079 ], [ -99.325365490044916, 18.741531128203061 ], [ -99.325485315613676, 18.741174878278226 ], [ -99.325369787982709, 18.740671095109509 ], [ -99.325205129733703, 18.740435223047843 ], [ -99.325134247555894, 18.740212963314629 ], [ -99.325102452438571, 18.739890133908776 ], [ -99.324961825850934, 18.739926513298133 ], [ -99.324864928639968, 18.739813709743078 ], [ -99.324469774002793, 18.739451225690782 ], [ -99.324339433571438, 18.739260070409216 ], [ -99.324132028504025, 18.739134193889651 ], [ -99.324140421606046, 18.739300965190001 ], [ -99.323004174407046, 18.738975287554581 ], [ -99.322675368782342, 18.738797263279544 ], [ -99.322120816011932, 18.738135862293344 ], [ -99.320821570624105, 18.737278799655122 ], [ -99.320359385131553, 18.737124778192687 ], [ -99.318207110261341, 18.737094107388746 ], [ -99.318179820848187, 18.737262686679724 ], [ -99.317579927933167, 18.738015077052662 ], [ -99.317608287377681, 18.738280604418225 ], [ -99.317589958087069, 18.738481328985994 ], [ -99.317475698771176, 18.738438168610973 ], [ -99.317150778911198, 18.738214375304064 ], [ -99.316468114201072, 18.737957271626264 ], [ -99.316424409358589, 18.737564597629671 ], [ -99.316241091569893, 18.737408245321205 ], [ -99.316547940848025, 18.736838121163473 ], [ -99.316778877541822, 18.736860608193702 ], [ -99.317235058619914, 18.736213541655676 ], [ -99.3154962865203, 18.735080339294253 ], [ -99.315302889936291, 18.734782969851739 ], [ -99.314993628383291, 18.734606056775995 ], [ -99.314970930778586, 18.734402102241752 ], [ -99.31402113861563, 18.734354623611608 ], [ -99.313394442291809, 18.734445213638683 ], [ -99.312882207971455, 18.734690506874351 ], [ -99.312556475091824, 18.734414987943385 ], [ -99.312526040396378, 18.734333024665478 ], [ -99.312347358477652, 18.734528161655906 ], [ -99.312141515587072, 18.734804081475616 ], [ -99.311979360897411, 18.734678436416864 ], [ -99.312011870983966, 18.734481254317451 ], [ -99.312121727724119, 18.733890605663564 ], [ -99.312726492173155, 18.733354456642989 ], [ -99.313314016251084, 18.733182629309638 ], [ -99.313612964342624, 18.732832929411369 ], [ -99.313987739455172, 18.732724471230412 ], [ -99.314367341561876, 18.731858049674717 ], [ -99.314832196389375, 18.730231764824335 ], [ -99.314721236982109, 18.730184902804499 ], [ -99.315120998733789, 18.729019481646731 ], [ -99.315046129638304, 18.728933991647779 ], [ -99.314818106101541, 18.728851379648791 ], [ -99.314469821133528, 18.728895658343777 ], [ -99.314237124372113, 18.728751248835785 ], [ -99.314424003971254, 18.726974842761773 ], [ -99.313756785473672, 18.726817549564746 ], [ -99.313896096446769, 18.726231244460308 ], [ -99.313710563016883, 18.726234244510714 ], [ -99.31381512340603, 18.72576958913071 ], [ -99.312765944954137, 18.725713185811276 ], [ -99.312365365830232, 18.725667781247285 ], [ -99.312280541960163, 18.725557886077372 ], [ -99.312287437040041, 18.725207366718301 ], [ -99.312449473251476, 18.725133756424849 ], [ -99.31225963436269, 18.724919981036894 ], [ -99.312025776564212, 18.724903054024821 ], [ -99.31191549559901, 18.72506684261738 ], [ -99.311725199182945, 18.725216451369683 ], [ -99.31147696006488, 18.7252502691736 ], [ -99.311054058638533, 18.72531921809389 ], [ -99.310649216236456, 18.725490493646333 ], [ -99.310192242107661, 18.725590707962823 ], [ -99.309669382692633, 18.725638740651842 ], [ -99.308304524735718, 18.725727314959197 ], [ -99.308006215467685, 18.72569756955378 ], [ -99.307887821323277, 18.725638494943382 ], [ -99.307838843933141, 18.725523704976993 ], [ -99.307591874577611, 18.725055495016758 ], [ -99.306413633834964, 18.725042549704146 ], [ -99.306216004231075, 18.72510410628632 ], [ -99.306121457771894, 18.725134960880784 ], [ -99.305998715788917, 18.725282943026286 ], [ -99.304184695977725, 18.725868717330375 ], [ -99.303780119873736, 18.7256668342966 ], [ -99.303012920246559, 18.725572944409663 ], [ -99.302558264471671, 18.725473203257689 ], [ -99.302032214291899, 18.725337833439429 ], [ -99.301580724489781, 18.725077857743198 ], [ -99.301163012101753, 18.724932978080428 ], [ -99.301004141354539, 18.725067519182101 ], [ -99.300690194782575, 18.725289035372761 ], [ -99.299825659606483, 18.726131872620993 ], [ -99.298943357335347, 18.726532591339009 ], [ -99.298350911387374, 18.727014244877147 ], [ -99.296908403441108, 18.728084220874411 ], [ -99.296558250996554, 18.728064015288751 ], [ -99.295827367440111, 18.728092635269824 ], [ -99.295589343202707, 18.728311024199265 ], [ -99.294751291825477, 18.728588212287043 ], [ -99.294457890352106, 18.728652521512714 ], [ -99.293240753590169, 18.728895053336114 ], [ -99.292053090747913, 18.7291241891369 ], [ -99.289629282869853, 18.7290805611763 ], [ -99.289044404921313, 18.729111777556682 ], [ -99.288100603610246, 18.728092778256716 ], [ -99.286456519653797, 18.727033317121698 ], [ -99.286083801253966, 18.726678682006412 ], [ -99.285970033098238, 18.726523548044451 ], [ -99.28584442774978, 18.726229034712169 ], [ -99.285583915932435, 18.724637847703129 ], [ -99.285490278435418, 18.72420474583102 ], [ -99.285350075565404, 18.723909969658056 ], [ -99.285107115876883, 18.723641172993208 ], [ -99.284996115663617, 18.723346923455303 ], [ -99.284612337630875, 18.722225788663273 ], [ -99.284204660644178, 18.721741295430274 ], [ -99.283738205358205, 18.721414786223306 ], [ -99.280453709300062, 18.718704714613278 ], [ -99.280341702280495, 18.715945912359373 ], [ -99.282353414943941, 18.709912075881352 ], [ -99.284076139693823, 18.707212937834935 ] ] ] ] } },
{ "type": "Feature", "properties": { "Pol": 22, "Nom_Pol": "Xoxocotla", "layer": "22.- XOXOCOTLA" }, "geometry": { "type": "MultiPolygon", "coordinates": [ [ [ [ -99.250082085357974, 18.711549580914522 ], [ -99.249246773411272, 18.711608252057104 ], [ -99.248002847439963, 18.711514518397561 ], [ -99.248889730838684, 18.711100068095124 ], [ -99.248543749643119, 18.710014869521885 ], [ -99.24902768461331, 18.70863010497537 ], [ -99.249015884894192, 18.708435083571967 ], [ -99.248723536305008, 18.708115053119446 ], [ -99.248787924604201, 18.708041305021503 ], [ -99.248775522087001, 18.707876242807991 ], [ -99.248547865041431, 18.707467484667998 ], [ -99.24856629960648, 18.707332956417019 ], [ -99.249231363994525, 18.707105353933724 ], [ -99.2493126776412, 18.706971975004713 ], [ -99.249461051136223, 18.705850811106341 ], [ -99.25180734960162, 18.706416445496174 ], [ -99.249468793139471, 18.700759550319681 ], [ -99.249104265059984, 18.700797614952712 ], [ -99.247570119909355, 18.700646561011791 ], [ -99.245616855691352, 18.700331273198529 ], [ -99.243849693477429, 18.699516180649738 ], [ -99.244583478593242, 18.699205341861482 ], [ -99.244691525878636, 18.699084318829161 ], [ -99.24460413041669, 18.698356919677764 ], [ -99.244314834343598, 18.697887091765534 ], [ -99.243915508375053, 18.697415248389767 ], [ -99.243804259287444, 18.696693938747917 ], [ -99.243511645869148, 18.696388882485756 ], [ -99.243242916730068, 18.69645888381277 ], [ -99.242666464131759, 18.6969727913451 ], [ -99.241059526120651, 18.696343944857396 ], [ -99.240362166428625, 18.695836658588465 ], [ -99.239875204476633, 18.695033532535341 ], [ -99.239873705434334, 18.694329219676714 ], [ -99.239638835988615, 18.694279957086696 ], [ -99.239779106233499, 18.693563260682392 ], [ -99.24015363707592, 18.692925785314589 ], [ -99.240123451563065, 18.691995961066958 ], [ -99.240097413592252, 18.691887910348804 ], [ -99.239905049974737, 18.691631585209414 ], [ -99.23944751754253, 18.69137039549263 ], [ -99.239374172780529, 18.691369049932412 ], [ -99.238869768983974, 18.691193057056775 ], [ -99.238448908345475, 18.691072382251189 ], [ -99.238167900361944, 18.69101343837028 ], [ -99.237909351497265, 18.690960284872009 ], [ -99.237596231580852, 18.69081469205387 ], [ -99.237022443892272, 18.690698220401931 ], [ -99.236393180971774, 18.690476426922082 ], [ -99.235808334423524, 18.690240156743318 ], [ -99.235479560288667, 18.690035346632051 ], [ -99.235440933397172, 18.689962009396673 ], [ -99.235128817120554, 18.689726924590872 ], [ -99.234780226843966, 18.68930705937769 ], [ -99.234595281476089, 18.68926826039808 ], [ -99.234634613363795, 18.688242378721192 ], [ -99.234907221289731, 18.6880792378041 ], [ -99.235364795524987, 18.687494693706832 ], [ -99.235484601938083, 18.68708094390222 ], [ -99.234883539016081, 18.686954849584907 ], [ -99.234813929727991, 18.686723469996405 ], [ -99.23529057893883, 18.686572928271239 ], [ -99.235858624418512, 18.68649486413042 ], [ -99.236223718663879, 18.685890919954026 ], [ -99.234862068271696, 18.685738196961257 ], [ -99.234154491682233, 18.685106763973575 ], [ -99.234191593151039, 18.684744332195926 ], [ -99.234358734167884, 18.683839620764541 ], [ -99.235291329159338, 18.683941863715674 ], [ -99.236320391368565, 18.684278492162633 ], [ -99.237422849215264, 18.684141891966625 ], [ -99.238110102363549, 18.684583820813859 ], [ -99.238358089182867, 18.684471287135626 ], [ -99.238821007067244, 18.683855328014104 ], [ -99.239189437723837, 18.683862088425343 ], [ -99.240549015552816, 18.683457715676749 ], [ -99.240552954221045, 18.683262646119086 ], [ -99.240156194079077, 18.682630916009391 ], [ -99.238932043891808, 18.682413316431909 ], [ -99.230289136605947, 18.680498198140803 ], [ -99.23030257752535, 18.679834965405131 ], [ -99.229547738122236, 18.678689250996534 ], [ -99.229840610218687, 18.678382417973282 ], [ -99.230616177667031, 18.676484317870862 ], [ -99.232289751615426, 18.67674928029124 ], [ -99.23372167231895, 18.676814641176627 ], [ -99.234247506208519, 18.677136532217634 ], [ -99.234737143929493, 18.677223587861128 ], [ -99.235154489301095, 18.674811521321917 ], [ -99.231985341836619, 18.673582414699418 ], [ -99.234339874262844, 18.672571960608465 ], [ -99.233982527922606, 18.672019002278379 ], [ -99.234365136246112, 18.671323535641289 ], [ -99.235382936414126, 18.671615435147611 ], [ -99.235636425427444, 18.671229815131205 ], [ -99.236329129981286, 18.671398651580272 ], [ -99.236626703932941, 18.670857728923917 ], [ -99.23703366628969, 18.670982285995471 ], [ -99.237699630975598, 18.670448126185786 ], [ -99.238304950467366, 18.670888542983651 ], [ -99.238332482304898, 18.671552519782203 ], [ -99.24028545312369, 18.672173770287404 ], [ -99.240266547115013, 18.673110090633042 ], [ -99.242268354581924, 18.67334193355466 ], [ -99.242288034085362, 18.672366599320519 ], [ -99.24358854424996, 18.669321420108247 ], [ -99.24359292097472, 18.666263006806936 ], [ -99.246385913484829, 18.66699684840723 ], [ -99.249356800715233, 18.668360960759639 ], [ -99.250354552513983, 18.668090484004928 ], [ -99.250923798806042, 18.66783208320587 ], [ -99.251623343563807, 18.667327169168711 ], [ -99.25195137939285, 18.66521436032026 ], [ -99.253093576262785, 18.663979058441399 ], [ -99.253915233553869, 18.663010977641296 ], [ -99.255250329974359, 18.663581495780186 ], [ -99.257532495821735, 18.664783097515272 ], [ -99.258201703593699, 18.664718461986258 ], [ -99.25913985544382, 18.664450178095656 ], [ -99.259699665472652, 18.664098165596862 ], [ -99.259501402941666, 18.66479702198605 ], [ -99.258624452950571, 18.666234688836994 ], [ -99.257776421442884, 18.668648323309142 ], [ -99.257659415779713, 18.66918591999816 ], [ -99.257626747242696, 18.669273699029652 ], [ -99.257606468762816, 18.669318105216352 ], [ -99.2577038911204, 18.669548177055511 ], [ -99.257762874467986, 18.669637397042919 ], [ -99.257778232375188, 18.669793819448611 ], [ -99.257742394192007, 18.669999677348915 ], [ -99.25780464770304, 18.670090421855274 ], [ -99.258039891972544, 18.670265378073456 ], [ -99.258376482871242, 18.67034736463664 ], [ -99.258954402847408, 18.670301004692856 ], [ -99.260502320996963, 18.670499865709804 ], [ -99.260579597250441, 18.670615052004631 ], [ -99.260159906556495, 18.672693366796963 ], [ -99.259579185900705, 18.674863570273697 ], [ -99.261675710945852, 18.67548960379083 ], [ -99.261296424433681, 18.676544648231349 ], [ -99.260901801044596, 18.677371853436554 ], [ -99.260911813268507, 18.67786508394412 ], [ -99.259956458637333, 18.67887171382981 ], [ -99.259191127564122, 18.679331860735065 ], [ -99.258671413845292, 18.679563653571311 ], [ -99.258404300520866, 18.68041017807704 ], [ -99.260867638766996, 18.680523152800195 ], [ -99.264117113032597, 18.682421279394415 ], [ -99.264110979546416, 18.682727669562265 ], [ -99.263751043684422, 18.682857347637658 ], [ -99.263613207625937, 18.684387351755039 ], [ -99.262759569191743, 18.685972451237632 ], [ -99.261584160913685, 18.685780785180238 ], [ -99.261245691284984, 18.687486008569937 ], [ -99.262659870045397, 18.688969696860038 ], [ -99.2625756995036, 18.690617934516496 ], [ -99.261774881692261, 18.690457414093316 ], [ -99.261356814665135, 18.691735991145702 ], [ -99.263350935599476, 18.692642839727256 ], [ -99.262232643386383, 18.694257155574761 ], [ -99.261732842917752, 18.694565585414335 ], [ -99.261372977513986, 18.694664877852766 ], [ -99.261044229340527, 18.695058739653405 ], [ -99.260653325062762, 18.695410906723961 ], [ -99.260697550600042, 18.695561804583594 ], [ -99.261265057865884, 18.696322598583947 ], [ -99.261498819447667, 18.6964469271933 ], [ -99.261749528503415, 18.696511526651097 ], [ -99.261994751414989, 18.698422171752124 ], [ -99.261150358790545, 18.698902114077306 ], [ -99.260734874560626, 18.698414252600795 ], [ -99.260624661659946, 18.698412246335348 ], [ -99.260541426517037, 18.698635871200946 ], [ -99.259413523566323, 18.698330156654492 ], [ -99.258887929750273, 18.698620770473816 ], [ -99.258691769596737, 18.698977421574842 ], [ -99.258580653293564, 18.699020425420841 ], [ -99.258832965093589, 18.699790499081367 ], [ -99.258745813479294, 18.700209173970084 ], [ -99.258701682420238, 18.700838764167973 ], [ -99.258631177735595, 18.70121271464939 ], [ -99.258759720123834, 18.702047136711972 ], [ -99.258483267220385, 18.702938121641491 ], [ -99.25829482878342, 18.702957089157472 ], [ -99.258414705873946, 18.704012099254658 ], [ -99.258618558595629, 18.704396622706145 ], [ -99.258701773173641, 18.704935752733643 ], [ -99.257470388206102, 18.705383729580685 ], [ -99.257440597279682, 18.705696795345649 ], [ -99.25682692315435, 18.7058200140936 ], [ -99.255802969758477, 18.706473364916523 ], [ -99.256079564974499, 18.706747216273747 ], [ -99.256502552286477, 18.706754928096782 ], [ -99.256993340564549, 18.706898278523553 ], [ -99.257055747770409, 18.707302628037883 ], [ -99.258411386952957, 18.70652090699846 ], [ -99.259183413732089, 18.707879009486813 ], [ -99.258574362748661, 18.708943149655852 ], [ -99.259083270822231, 18.709355632284144 ], [ -99.259053482724795, 18.709668700029656 ], [ -99.260796217689958, 18.710686063559653 ], [ -99.261446751533853, 18.712243557007607 ], [ -99.259985989285099, 18.712385977873979 ], [ -99.257818320344654, 18.711885368960587 ], [ -99.255968543050159, 18.711621089007316 ], [ -99.254351388686587, 18.711822157709662 ], [ -99.253867631035845, 18.711813331186672 ], [ -99.253388506207259, 18.711574023985712 ], [ -99.252814855946937, 18.712024680893389 ], [ -99.252343432524853, 18.711960568155227 ], [ -99.252131614271235, 18.711882763991369 ], [ -99.251918309839311, 18.711878869137436 ], [ -99.251356333530737, 18.711850122038172 ], [ -99.251027424795723, 18.711807146098572 ], [ -99.250523251056833, 18.711797935895241 ], [ -99.250082085357974, 18.711549580914522 ] ] ] ] } },
{ "type": "Feature", "properties": { "Pol": 23, "Nom_Pol": "Hueyapan", "layer": "23.- HUEYAPAN" }, "geometry": { "type": "MultiPolygon", "coordinates": [ [ [ [ -98.693986791834021, 18.879939037805183 ], [ -98.6938519008947, 18.880054615292153 ], [ -98.693613668922382, 18.880136439936248 ], [ -98.693614501009662, 18.880731323597157 ], [ -98.693503472712251, 18.880910248089528 ], [ -98.693422273790418, 18.881430787119953 ], [ -98.69365331417616, 18.882045658881317 ], [ -98.692764057832747, 18.88279994906037 ], [ -98.69178730041655, 18.884768304562343 ], [ -98.69154121248846, 18.885937438905572 ], [ -98.691119223918236, 18.88657762221758 ], [ -98.690312625582877, 18.887513354663081 ], [ -98.689668069339831, 18.888950098996144 ], [ -98.689513596649462, 18.889333613414824 ], [ -98.689260237088533, 18.88960440922656 ], [ -98.689162560009791, 18.890320479391345 ], [ -98.689301059626402, 18.891194070037137 ], [ -98.689209982016322, 18.891357887025723 ], [ -98.688726139302389, 18.891554526174978 ], [ -98.689931992691541, 18.892714120687213 ], [ -98.690131779990139, 18.892856692638276 ], [ -98.69044239733617, 18.893816975809138 ], [ -98.69003612108925, 18.89380805004652 ], [ -98.689324572511651, 18.894414236751985 ], [ -98.685989728524689, 18.894838372395593 ], [ -98.685118210873654, 18.89545483981107 ], [ -98.683601871097125, 18.89728716103663 ], [ -98.682331499272905, 18.898185019571528 ], [ -98.682065423717077, 18.899574814672114 ], [ -98.676504082727092, 18.901994820669319 ], [ -98.676838400725302, 18.900786174328175 ], [ -98.677120155801646, 18.898618691064339 ], [ -98.677756681227933, 18.897984730124204 ], [ -98.677824666649883, 18.897645177489881 ], [ -98.67831461518351, 18.897144403408216 ], [ -98.679199001585346, 18.896140746384479 ], [ -98.67986634292231, 18.895712088730555 ], [ -98.680917831718688, 18.894712106498098 ], [ -98.681087661094708, 18.894113326023763 ], [ -98.681317443428497, 18.893863791583922 ], [ -98.681513878484893, 18.893366775503782 ], [ -98.68179665110209, 18.893109799020767 ], [ -98.682029824838736, 18.892726394083393 ], [ -98.682219252023913, 18.892517495407134 ], [ -98.682231127745467, 18.892028948220023 ], [ -98.682618268141965, 18.891811869841497 ], [ -98.682561294547483, 18.891447142403713 ], [ -98.68288080305193, 18.891303775459964 ], [ -98.683680034696494, 18.889842415339359 ], [ -98.684125286283873, 18.889401009959627 ], [ -98.68445794878167, 18.889257929719566 ], [ -98.684582782542321, 18.888997473555488 ], [ -98.684917269083428, 18.888779231573931 ], [ -98.68553976150703, 18.888629993254739 ], [ -98.685675319528158, 18.888470040309986 ], [ -98.685767056870034, 18.887945652211567 ], [ -98.685955559242927, 18.887774330474659 ], [ -98.686502690168695, 18.887484190912048 ], [ -98.686573440882242, 18.886517890181825 ], [ -98.687888968737894, 18.88492622484231 ], [ -98.687854803139814, 18.884385276194894 ], [ -98.688389474647224, 18.883789309292574 ], [ -98.689051038481935, 18.882835999255182 ], [ -98.689782984601024, 18.882430338143187 ], [ -98.691202216875254, 18.881530384373058 ], [ -98.691207856731509, 18.88129772502224 ], [ -98.691956934484296, 18.879219130861831 ], [ -98.695317460269308, 18.871930040362823 ], [ -98.695490667520474, 18.871408757022188 ], [ -98.695693940931349, 18.871087531916896 ], [ -98.695710952895482, 18.870961619372295 ], [ -98.695681046221665, 18.870754918235974 ], [ -98.695595249659121, 18.870261186773732 ], [ -98.695712885442745, 18.869439588048312 ], [ -98.695698623064644, 18.869129133165067 ], [ -98.695576402918306, 18.868233689231086 ], [ -98.695590892764457, 18.86804506273231 ], [ -98.695752788967411, 18.867916353224512 ], [ -98.695894276486911, 18.867810813930593 ], [ -98.695873936834943, 18.867626147113679 ], [ -98.695796607974643, 18.867277701588193 ], [ -98.696827992736431, 18.867645945272692 ], [ -98.696957778918119, 18.867475980108939 ], [ -98.698709820312146, 18.868190470422988 ], [ -98.698920371845801, 18.865744127841637 ], [ -98.698987885183527, 18.865610953700319 ], [ -98.699135609515224, 18.865528502330278 ], [ -98.699530321989869, 18.865512669193631 ], [ -98.700594410501694, 18.865466614421692 ], [ -98.701374785553, 18.864745151763444 ], [ -98.702578915195389, 18.863931018527264 ], [ -98.702989237624394, 18.864573074835711 ], [ -98.703629557147437, 18.86487030691206 ], [ -98.70392817298071, 18.865065653456337 ], [ -98.704226119655772, 18.865288751241394 ], [ -98.704755938094323, 18.865572454227095 ], [ -98.705876452672896, 18.865901065629846 ], [ -98.706595477679784, 18.866209966230304 ], [ -98.707068211391743, 18.866581135743477 ], [ -98.707963593137862, 18.86678112457421 ], [ -98.708156090436276, 18.866657536160343 ], [ -98.708330345444381, 18.866308027627667 ], [ -98.708950477741396, 18.866133643910331 ], [ -98.709284673120649, 18.866028184847288 ], [ -98.709344370652886, 18.866172319083486 ], [ -98.71023356489188, 18.86597373850266 ], [ -98.710385979932937, 18.866202588339853 ], [ -98.710261800547869, 18.86644043216031 ], [ -98.71027541250011, 18.866530937928758 ], [ -98.710479708899868, 18.866572986541719 ], [ -98.710787204114268, 18.86654473929617 ], [ -98.711413162516209, 18.866824924093134 ], [ -98.71174662791195, 18.866928150346414 ], [ -98.712150841811308, 18.866883670525624 ], [ -98.71260545241833, 18.867304029499863 ], [ -98.712426832179347, 18.867734998213599 ], [ -98.711202197033487, 18.867843987633268 ], [ -98.710672218775315, 18.868254146374387 ], [ -98.709178102392499, 18.869970175791202 ], [ -98.708720222129912, 18.870997933232413 ], [ -98.708258081864741, 18.871420401132166 ], [ -98.707889991743002, 18.871838471853067 ], [ -98.707377415222822, 18.872134668753354 ], [ -98.706782971491776, 18.872041482373685 ], [ -98.706376354264464, 18.872019226835 ], [ -98.705752235095872, 18.871992213681562 ], [ -98.70468429657565, 18.872081296700145 ], [ -98.703812597734029, 18.872293209030239 ], [ -98.70220996353099, 18.872629356640072 ], [ -98.702037734062799, 18.872584338619376 ], [ -98.700959991831439, 18.87056437142498 ], [ -98.700618090042681, 18.870392976321931 ], [ -98.700443632497198, 18.870800492508945 ], [ -98.70017746249971, 18.871029711980349 ], [ -98.699664194289653, 18.871266575676032 ], [ -98.699275076352009, 18.871142326868913 ], [ -98.697623831468903, 18.87145034232481 ], [ -98.697344952337119, 18.871663347877167 ], [ -98.697207935047018, 18.871926840852893 ], [ -98.697125588216849, 18.87224483203482 ], [ -98.697082409587367, 18.872486694004294 ], [ -98.697044732494291, 18.872758287511136 ], [ -98.696661386802177, 18.872795161849147 ], [ -98.696704360472168, 18.872928011652775 ], [ -98.696691080986028, 18.873204097931517 ], [ -98.696629814057147, 18.873554507677909 ], [ -98.696467647923598, 18.873984361862252 ], [ -98.696407747510463, 18.874278270006712 ], [ -98.696338972774171, 18.874666203408253 ], [ -98.696227983463416, 18.874889896734075 ], [ -98.696103328302343, 18.875066859259924 ], [ -98.6957320312127, 18.87550417322705 ], [ -98.695660232016976, 18.875651084363611 ], [ -98.695596604724287, 18.8758631374575 ], [ -98.695667145767572, 18.876170937649846 ], [ -98.695902210451877, 18.876528748702864 ], [ -98.695947113084216, 18.876687500306705 ], [ -98.69597118092328, 18.876901477324143 ], [ -98.695935662710355, 18.877160549443747 ], [ -98.695978095921205, 18.87742133143167 ], [ -98.695943700177253, 18.877634026315928 ], [ -98.695742081415887, 18.879921867680643 ], [ -98.695033317956515, 18.880203293261793 ], [ -98.694496042467435, 18.880247187297527 ], [ -98.694281671300004, 18.880242483150912 ], [ -98.694071568490187, 18.880061544029676 ], [ -98.693986791834021, 18.879939037805183 ] ] ] ] } },
{ "type": "Feature", "properties": { "Pol": 4, "Nom_Pol": "Cuautla", "layer": "04.- CUAUTLA" }, "geometry": { "type": "MultiPolygon", "coordinates": [ [ [ [ -98.910367718664858, 18.791560903880885 ], [ -98.912050999612006, 18.793707087088489 ], [ -98.915754217695707, 18.795558696130346 ], [ -98.915796299719389, 18.800061472663934 ], [ -98.915585889601005, 18.804564249197519 ], [ -98.909904816404406, 18.804606331221208 ], [ -98.907337812960009, 18.803806772771317 ], [ -98.905402039870822, 18.803470116581892 ], [ -98.902119642023891, 18.803428034558209 ], [ -98.893955729430274, 18.800755826054637 ], [ -98.892735350743607, 18.800271882782333 ], [ -98.893261376039575, 18.798104658562885 ], [ -98.893892606394743, 18.79688427987621 ], [ -98.89591254353131, 18.795558696130346 ], [ -98.896754184004891, 18.794359358455498 ], [ -98.899279105425592, 18.790656140371802 ], [ -98.899194941378227, 18.787499988595915 ], [ -98.90205651898836, 18.786574184074993 ], [ -98.901551534704225, 18.779588568144376 ], [ -98.902140683035725, 18.775296201729166 ], [ -98.909378791108423, 18.770330522935115 ], [ -98.91325033728684, 18.768394749845903 ], [ -98.917458539654689, 18.77125632745603 ], [ -98.919478476791255, 18.777400302913097 ], [ -98.918047687986189, 18.786153363838213 ], [ -98.911146236102923, 18.791034878584913 ], [ -98.911146236102923, 18.791034878584913 ], [ -98.911146236102923, 18.791034878584913 ], [ -98.910367718664858, 18.791560903880885 ] ] ] ] } },
{ "type": "Feature", "properties": { "Pol": 20, "Nom_Pol": "Tlalnepantla", "layer": "20.- TLALNEPANTLA" }, "geometry": { "type": "MultiPolygon", "coordinates": [ [ [ [ -98.990722445135958, 19.009127857063543 ], [ -98.990523233754416, 19.008876327541351 ], [ -98.990338108026052, 19.008828033873087 ], [ -98.990040297071729, 19.008731446536551 ], [ -98.989895416066929, 19.00861876131059 ], [ -98.98983907345395, 19.008441684526943 ], [ -98.989605654057328, 19.008280705632718 ], [ -98.989452724107807, 19.008328999300986 ], [ -98.989340038881849, 19.008731446536551 ], [ -98.989259549434735, 19.008876327541351 ], [ -98.988261480290532, 19.00879583809424 ], [ -98.987891228833817, 19.008634859200015 ], [ -98.987963669336224, 19.008345097190407 ], [ -98.98806830561746, 19.008063384125514 ], [ -98.988285627124668, 19.008151922517335 ], [ -98.98833392079294, 19.008023139401956 ], [ -98.988309773958804, 19.007757524226484 ], [ -98.98843855707419, 19.007548251663991 ], [ -98.988519046521304, 19.007379223825051 ], [ -98.988406361295347, 19.007145804428426 ], [ -98.988285627124668, 19.007113608649579 ], [ -98.988269529235254, 19.006928482921222 ], [ -98.988221235566982, 19.006799699805839 ], [ -98.988084403506889, 19.006574329353924 ], [ -98.987939522502089, 19.006300665233738 ], [ -98.988680025415519, 19.006099441615955 ], [ -98.989637849836171, 19.005898217998176 ], [ -98.990499086920295, 19.005680896490965 ], [ -98.990716408427502, 19.005624553877986 ], [ -98.990901534155867, 19.00551991759674 ], [ -98.991231540889018, 19.005189910863574 ], [ -98.991915701189484, 19.004610386844362 ], [ -98.992197414254377, 19.004135499106397 ], [ -98.992165218475535, 19.003749149760257 ], [ -98.992294001590921, 19.00340304513767 ], [ -98.992503274153407, 19.003234017298734 ], [ -98.992793036163008, 19.003177674685755 ], [ -98.993026455559644, 19.003169625741045 ], [ -98.993163287619737, 19.00333060463527 ], [ -98.993364511237516, 19.00353987719776 ], [ -98.993517441187038, 19.0037813455391 ], [ -98.993694517970681, 19.00378939448381 ], [ -98.994257944100468, 19.003507681418917 ], [ -98.99459599977834, 19.003322555690556 ], [ -98.995046740682184, 19.003274262022288 ], [ -98.99611725032878, 19.003209870464598 ], [ -98.996978487412889, 19.00316157679633 ], [ -98.997123368417689, 19.003040842625659 ], [ -98.997107270528261, 19.002718884837208 ], [ -98.997791430828727, 19.002203752375685 ], [ -98.99859028859133, 19.002364731269907 ], [ -98.999133592359343, 19.002264119461017 ], [ -98.999165788138185, 19.002123262928567 ], [ -98.999471648037215, 19.001885819059584 ], [ -98.999536039594901, 19.001793256195405 ], [ -98.999624577986722, 19.001744962527138 ], [ -98.999809703715087, 19.00166849755238 ], [ -98.999870070800426, 19.00170471780358 ], [ -98.999970682609316, 19.001773133833627 ], [ -99.000035074167002, 19.001865696697806 ], [ -99.000035074167002, 19.001938137200206 ], [ -98.999986780498745, 19.002167532124478 ], [ -99.000183979644163, 19.002239972626878 ], [ -99.000260444618931, 19.002219850265099 ], [ -99.000244346729502, 19.002751080616047 ], [ -99.000260444618931, 19.002823521118447 ], [ -99.000320811704256, 19.002936206344408 ], [ -99.000646793965061, 19.003467436695352 ], [ -99.000775577080447, 19.00361634217251 ], [ -99.000799723914582, 19.003700856091978 ], [ -99.002135848736657, 19.003692807147267 ], [ -99.00212779979195, 19.003527803780685 ], [ -99.002437684163326, 19.003523779308331 ], [ -99.002562442806351, 19.003672684785489 ], [ -99.002610736474622, 19.003853786041493 ], [ -99.002445733108033, 19.00424415985999 ], [ -99.002361219188572, 19.004316600362387 ], [ -99.002216338183771, 19.004334710487989 ], [ -99.00192456393799, 19.004372942975369 ], [ -99.001389309114685, 19.004493677146037 ], [ -99.001361137808189, 19.004541970814305 ], [ -99.001330954265526, 19.004646607095552 ], [ -99.001363150044341, 19.004996736190499 ], [ -99.001443639491455, 19.00507722563761 ], [ -99.001544251300345, 19.005109421416456 ], [ -99.001648887581595, 19.005157715084724 ], [ -99.00173340150107, 19.005214057697703 ], [ -99.001842062254667, 19.005366987647218 ], [ -99.001922551701782, 19.005395158953707 ], [ -99.002023163510671, 19.005395158953707 ], [ -99.002200240294314, 19.005387110008996 ], [ -99.0023290234097, 19.005475648400822 ], [ -99.002449757580365, 19.0055319910138 ], [ -99.002542320444547, 19.005544064430865 ], [ -99.002622809891662, 19.005479672873175 ], [ -99.002824033509441, 19.005515893124375 ], [ -99.002904522956555, 19.005568211265 ], [ -99.002936718735398, 19.005721141214515 ], [ -99.002872327177712, 19.005817728551051 ], [ -99.002795862202959, 19.005870046691673 ], [ -99.002731470645273, 19.005978707445276 ], [ -99.00277976431353, 19.006027001113544 ], [ -99.002868302705352, 19.006035050058255 ], [ -99.002993061348377, 19.00598273191763 ], [ -99.00323452968972, 19.005962609555855 ], [ -99.003343190443317, 19.006014927696466 ], [ -99.003451851196928, 19.006175906590695 ], [ -99.003455875669289, 19.006292616289006 ], [ -99.0034357533075, 19.006377130208474 ], [ -99.003451851196928, 19.006449570710878 ], [ -99.003508193809907, 19.006377130208474 ], [ -99.003588683257021, 19.006268469454874 ], [ -99.003773808985372, 19.006212126841895 ], [ -99.003918689990186, 19.006212126841895 ], [ -99.004031375216144, 19.006292616289006 ], [ -99.004087717829123, 19.006397252570252 ], [ -99.004123938080326, 19.006550182519767 ], [ -99.004309063808677, 19.006670916690439 ], [ -99.004377479838723, 19.006662867745728 ], [ -99.004514311898816, 19.006682990107503 ], [ -99.004534434260592, 19.006823846639954 ], [ -99.004530409788245, 19.006932507393554 ], [ -99.004514311898816, 19.007049217091868 ], [ -99.004574678984156, 19.007262514126719 ], [ -99.004598825818292, 19.007415444076234 ], [ -99.004522360843524, 19.007596545332238 ], [ -99.00455053215002, 19.007660936889927 ], [ -99.004156133859169, 19.007725328447616 ], [ -99.003966983658444, 19.00755630060868 ], [ -99.003729539789461, 19.007508006940412 ], [ -99.003459900141635, 19.007431541965655 ], [ -99.003141966825538, 19.007298734377919 ], [ -99.003355263860385, 19.007516055885123 ], [ -99.003620879035864, 19.008151922517317 ], [ -99.003908628809313, 19.009067489978218 ], [ -99.004097779010024, 19.009437741434937 ], [ -99.003763747804513, 19.009598720329162 ], [ -99.003530328407891, 19.009703356610412 ], [ -99.00342166765428, 19.00977982158517 ], [ -99.003449838960776, 19.009932751534684 ], [ -99.003393496347798, 19.010359345604382 ], [ -99.003389471875437, 19.01061288736279 ], [ -99.003473985794898, 19.010745694950526 ], [ -99.003546426297305, 19.010773866257015 ], [ -99.003598744437923, 19.010814110980572 ], [ -99.003598744437923, 19.011003261181287 ], [ -99.003598744437923, 19.011144117713734 ], [ -99.003594719965577, 19.011216558216137 ], [ -99.003703380719173, 19.011293023190891 ], [ -99.003701368482936, 19.011329243442091 ], [ -99.003687282829688, 19.011377537110359 ], [ -99.00377582122151, 19.011433879723338 ], [ -99.003876433030399, 19.011445953140406 ], [ -99.004009240618146, 19.011427843014804 ], [ -99.004075644412012, 19.011490222336317 ], [ -99.004140035969698, 19.011568699547254 ], [ -99.004105827954689, 19.01159083414521 ], [ -99.004097779009982, 19.011643152285831 ], [ -99.004093754537621, 19.011747788567078 ], [ -99.00415412162296, 19.011812180124767 ], [ -99.004206439763578, 19.011908767461303 ], [ -99.003743625442681, 19.01194096324015 ], [ -99.003361300568898, 19.011961085601929 ], [ -99.003111783282847, 19.011981207963707 ], [ -99.002745556298478, 19.012114015551443 ], [ -99.002423598510035, 19.01218243158149 ], [ -99.002274693032874, 19.012214627360336 ], [ -99.001936637355001, 19.012355483892783 ], [ -99.001711266903087, 19.012488291480519 ], [ -99.001550288008872, 19.012508413842298 ], [ -99.001437602782914, 19.012375606254558 ], [ -99.000628683839437, 19.012717686404791 ], [ -99.000584414643527, 19.012782077962481 ], [ -99.000399288915176, 19.013196598615114 ], [ -99.000157820573833, 19.01343806695645 ], [ -98.999839887257735, 19.01378819605139 ], [ -98.999582321026978, 19.014009542030951 ], [ -98.99940524424332, 19.014218814593445 ], [ -98.999336828213274, 19.014182594342245 ], [ -98.999139629067855, 19.013820391830237 ], [ -98.998926332033008, 19.013860636553794 ], [ -98.998717059470508, 19.013856612081437 ], [ -98.998596325299843, 19.013868685498505 ], [ -98.998282416456121, 19.013876734443215 ], [ -98.998085217310702, 19.013852587609083 ], [ -98.997879969220563, 19.013707706604279 ], [ -98.997702892436905, 19.013550752182407 ], [ -98.997686794547491, 19.013430018011739 ], [ -98.997650574296287, 19.01333745514756 ], [ -98.997529840125623, 19.013228794393957 ], [ -98.997397032537876, 19.013168427308621 ], [ -98.997300445201347, 19.013015497359106 ], [ -98.997252151533075, 19.012910861077859 ], [ -98.997219955754233, 19.012947081329063 ], [ -98.997159588668893, 19.013003423942042 ], [ -98.997167637613614, 19.013063791027374 ], [ -98.997171662085961, 19.013232818866314 ], [ -98.99712739289005, 19.013341479619914 ], [ -98.997135441834757, 19.01343806695645 ], [ -98.99718775997539, 19.013462213790586 ], [ -98.997268249422504, 19.0136151437401 ], [ -98.997320567563122, 19.013852587609083 ], [ -98.997409105954944, 19.013953199417973 ], [ -98.997497644346751, 19.013989419669162 ], [ -98.997537889070315, 19.01410210489512 ], [ -98.997473497512615, 19.01410210489512 ], [ -98.996604211483799, 19.014025639920362 ], [ -98.996559942287888, 19.013929052583833 ], [ -98.995316380329996, 19.01382039183023 ], [ -98.994974300179763, 19.014311377457616 ], [ -98.994877712843206, 19.014464307407135 ], [ -98.994881737315566, 19.014532723437181 ], [ -98.994857590481431, 19.014520650020113 ], [ -98.994781125506677, 19.014508576603045 ], [ -98.99456782847183, 19.014488454241267 ], [ -98.994471241135287, 19.014504552130688 ], [ -98.994278066462215, 19.014532723437181 ], [ -98.994100989678572, 19.014568943688381 ], [ -98.993899766060807, 19.014669555497271 ], [ -98.993861533573423, 19.014685653386692 ], [ -98.993825313322219, 19.014679616678158 ], [ -98.993805190960444, 19.014693702331403 ], [ -98.993736774930383, 19.014695714567583 ], [ -98.993595918397929, 19.014659494316383 ], [ -98.993533539076424, 19.014659494316383 ], [ -98.993374572418375, 19.014593090522517 ], [ -98.9932900584989, 19.014572968160738 ], [ -98.993064688046985, 19.014538760145708 ], [ -98.992972125182817, 19.014540772381885 ], [ -98.992871513373913, 19.014510588839219 ], [ -98.99276084038415, 19.014494490949797 ], [ -98.992607910434629, 19.014379793487663 ], [ -98.992573702419605, 19.01431540192997 ], [ -98.992525408751348, 19.014218814593434 ], [ -98.992507298625739, 19.014130276201616 ], [ -98.992398637872142, 19.014094055950412 ], [ -98.992338270786803, 19.014025639920369 ], [ -98.992237658977913, 19.013916979166765 ], [ -98.992092777973113, 19.013840514192008 ], [ -98.991927774606523, 19.013788196051387 ], [ -98.991867407521198, 19.013784171579029 ], [ -98.991702404154609, 19.013764049217251 ], [ -98.991577645511583, 19.013784171579029 ], [ -98.991481058175054, 19.013764049217251 ], [ -98.991255687723125, 19.01375600027254 ], [ -98.991126904607739, 19.013715755548983 ], [ -98.991082635411829, 19.013739902383119 ], [ -98.991094708828896, 19.013691608714851 ], [ -98.991118855663032, 19.013578923488893 ], [ -98.991159100386582, 19.013337455147553 ], [ -98.991183247220718, 19.013224769921596 ], [ -98.991251663250765, 19.013039644193235 ], [ -98.991312030336104, 19.012725735349488 ], [ -98.991332152697879, 19.012198529470901 ], [ -98.991416666617354, 19.011663274647603 ], [ -98.991404593200286, 19.011578760728135 ], [ -98.991412642145008, 19.011156191130791 ], [ -98.991328128225533, 19.010918747261808 ], [ -98.991364348476736, 19.010347272187307 ], [ -98.991042390688278, 19.010222513544281 ], [ -98.990897509683478, 19.010077632539478 ], [ -98.990470915613784, 19.009647013997423 ], [ -98.990358230387827, 19.009461888269065 ], [ -98.990142921116743, 19.009162065078566 ], [ -98.990102676393192, 19.009084593985719 ], [ -98.990122798754967, 19.009032275845097 ], [ -98.990189202548834, 19.009005110656695 ], [ -98.990392438402793, 19.009032275845097 ], [ -98.990568509068353, 19.009117795882652 ], [ -98.990722445135958, 19.009127857063543 ] ] ] ] } },
{ "type": "Feature", "properties": { "Pol": 6, "Nom_Pol": "Huitzilac", "layer": "06.- HUITZILAC" }, "geometry": { "type": "MultiPolygon", "coordinates": [ [ [ [ -99.232952848675808, 19.05205906355544 ], [ -99.234576338704983, 19.052219125952686 ], [ -99.235513847031697, 19.052379188349928 ], [ -99.235994034223424, 19.05279077737141 ], [ -99.236519953528656, 19.052836509484909 ], [ -99.237320265514867, 19.053202366392892 ], [ -99.239126683998037, 19.054208472889847 ], [ -99.239355344565524, 19.055054516989561 ], [ -99.239606871189764, 19.05603775742977 ], [ -99.240269986835486, 19.056449346451252 ], [ -99.243379770553346, 19.057203926323968 ], [ -99.244523073390809, 19.055900561089274 ], [ -99.245895036795744, 19.05606062348652 ], [ -99.247221268087202, 19.056357882224251 ], [ -99.24886762417313, 19.05640361433775 ], [ -99.24836457092465, 19.054802990365321 ], [ -99.252297532685475, 19.054757258251822 ], [ -99.254264013565887, 19.054757258251822 ], [ -99.254995727381853, 19.055854828975775 ], [ -99.255544512743839, 19.05640361433775 ], [ -99.256962208262266, 19.056586542791742 ], [ -99.258745760688697, 19.05690666758623 ], [ -99.259431742391172, 19.057684113515695 ], [ -99.261169562704097, 19.057729845629193 ], [ -99.262587258222524, 19.057867041969686 ], [ -99.262358597655037, 19.058781684239648 ], [ -99.261992740747061, 19.060016451304094 ], [ -99.261306759044587, 19.060656700893066 ], [ -99.260666509455618, 19.061205486255041 ], [ -99.260620777342112, 19.061800003730518 ], [ -99.259523206618155, 19.062806110227474 ], [ -99.257922582645733, 19.063354895589448 ], [ -99.257007940375772, 19.063492091929945 ], [ -99.2564591550138, 19.063949413064922 ], [ -99.254904263154856, 19.064452466313401 ], [ -99.253623763976918, 19.064361002086404 ], [ -99.25092556928054, 19.06426953785941 ], [ -99.24886762417313, 19.064955519561881 ], [ -99.246855411179212, 19.065458572810357 ], [ -99.246260893703734, 19.065870161831839 ], [ -99.245483447774276, 19.065961626058836 ], [ -99.244431609163811, 19.066007358172335 ], [ -99.244020020142329, 19.065870161831839 ], [ -99.242419396169907, 19.066464679307312 ], [ -99.241138896991956, 19.067013464669291 ], [ -99.240041326268013, 19.067745178485257 ], [ -99.238989487657548, 19.068293963847236 ], [ -99.238349238068579, 19.067882374825754 ], [ -99.236702881982652, 19.066418947193817 ], [ -99.23615409662068, 19.065321376469864 ], [ -99.235422382804714, 19.064543930540399 ], [ -99.234141883626762, 19.063629288270437 ], [ -99.233867490945769, 19.062348789092493 ], [ -99.233593098264791, 19.060793897233559 ], [ -99.234507740534752, 19.059604862282612 ], [ -99.234690668988733, 19.057501185061703 ], [ -99.233958955172767, 19.056357882224251 ], [ -99.234050419399765, 19.055671900521784 ], [ -99.232769920221827, 19.054391401343839 ], [ -99.232952848675808, 19.05205906355544 ] ] ] ] } }
]
}
